-- --------------------------------------------------------
-- 호스트:                          j7d103.p.ssafy.io
-- 서버 버전:                        8.0.30 - MySQL Community Server - GPL
-- 서버 OS:                        Linux
-- HeidiSQL 버전:                  12.0.0.6468
-- --------------------------------------------------------

/*!40101 SET @OLD_CHARACTER_SET_CLIENT=@@CHARACTER_SET_CLIENT */;
/*!40101 SET NAMES utf8 */;
/*!50503 SET NAMES utf8mb4 */;
/*!40103 SET @OLD_TIME_ZONE=@@TIME_ZONE */;
/*!40103 SET TIME_ZONE='+00:00' */;
/*!40014 SET @OLD_FOREIGN_KEY_CHECKS=@@FOREIGN_KEY_CHECKS, FOREIGN_KEY_CHECKS=0 */;
/*!40101 SET @OLD_SQL_MODE=@@SQL_MODE, SQL_MODE='NO_AUTO_VALUE_ON_ZERO' */;
/*!40111 SET @OLD_SQL_NOTES=@@SQL_NOTES, SQL_NOTES=0 */;


-- samals 데이터베이스 구조 내보내기
CREATE DATABASE IF NOT EXISTS `samals` /*!40100 DEFAULT CHARACTER SET utf8mb4 COLLATE utf8mb4_0900_ai_ci */ /*!80016 DEFAULT ENCRYPTION='N' */;
USE `samals`;

-- 테이블 samals.tb_animal 구조 내보내기
CREATE TABLE IF NOT EXISTS `tb_animal` (
  `animal_species` varchar(50) CHARACTER SET utf8mb4 COLLATE utf8mb4_0900_ai_ci NOT NULL,
  `animal_name_kr` varchar(100) CHARACTER SET utf8mb4 COLLATE utf8mb4_0900_ai_ci NOT NULL,
  `animal_name_en` varchar(100) NOT NULL,
  `animal_class` varchar(100) CHARACTER SET utf8mb4 COLLATE utf8mb4_0900_ai_ci NOT NULL,
  `animal_class_no` int NOT NULL DEFAULT '0',
  `animal_habitat` varchar(50) CHARACTER SET utf8mb4 COLLATE utf8mb4_0900_ai_ci DEFAULT NULL,
  `animal_description` varchar(500) CHARACTER SET utf8mb4 COLLATE utf8mb4_0900_ai_ci DEFAULT NULL,
  `animal_current` int DEFAULT '0',
  `animal_total` int DEFAULT NULL,
  `animal_img1` varchar(500) CHARACTER SET utf8mb4 COLLATE utf8mb4_0900_ai_ci DEFAULT NULL,
  `animal_img2` varchar(500) CHARACTER SET utf8mb4 COLLATE utf8mb4_0900_ai_ci DEFAULT NULL,
  `animal_img3` varchar(255) DEFAULT NULL,
  `animal_img4` varchar(255) DEFAULT NULL,
  `animal_img5` varchar(255) DEFAULT NULL,
  `animal_img6` varchar(255) DEFAULT NULL,
  PRIMARY KEY (`animal_species`)
) ENGINE=InnoDB DEFAULT CHARSET=utf8mb4 COLLATE=utf8mb4_0900_ai_ci;

-- 테이블 데이터 samals.tb_animal:~9 rows (대략적) 내보내기
REPLACE INTO `tb_animal` (`animal_species`, `animal_name_kr`, `animal_name_en`, `animal_class`, `animal_class_no`, `animal_habitat`, `animal_description`, `animal_current`, `animal_total`, `animal_img1`, `animal_img2`, `animal_img3`, `animal_img4`, `animal_img5`, `animal_img6`) VALUES
	('bird', '토코투칸', 'Toco Toucan', 'NT', 1, '열대우림, 큰 나무 둥지', '토코투칸은 왕부리새과에서 가장 잘 알려져 있고, 크기도 가장 큰 종입니다. 이들은 중부 및 동부 남아메리카에 서식한다고 알려져 있습니다. 부리는 커서 무거워 보이지만, 실제로는 유공성으로 가벼운 편입니다.', 12, 20000, 'https://upload.wikimedia.org/wikipedia/commons/thumb/1/11/Ramphastos_toco.jpg/375px-Ramphastos_toco.jpg', 'https://cloudfront-ap-northeast-1.images.arcpublishing.com/chosun/RXTLFSLSK4LTI3I3MXGNDAGOX4.jpg', NULL, 'https://j7d103.p.ssafy.io/image/downloadFile/NT.png', NULL, NULL),
	('elephant', '아프리카 숲 코끼리', 'African forest elephant', 'CR', 4, '울창한 열대 우림', '아프리카 숲 코끼리는 아프리카 사바나 코끼리의 사촌입니다. 그들은 서부와 중앙 아프리카의 울창한 열대 우림에 서식합니다. 울창한 숲 서식지에 대한 선호는 시각적 식별과 같은 전통적인 계산 방법을 금지합니다.', 17, 222, 'https://files.worldwildlife.org/wwfcmsprod/images/forest_elephant_WW139203/hero_full/6vddpqe8x_Medium_WW139203.jpg', 'https://files.worldwildlife.org/wwfcmsprod/images/Forest_Elephant_Why_they_matter/story_full_width/5398rkr1bh_Forest_elephant_7.30.2012_why_they_matter_HI_108551.jpg', NULL, 'https://j7d103.p.ssafy.io/image/downloadFile/CR.png', NULL, NULL),
	('frog', '와이오밍 두꺼비', 'Wyoming Toad', 'EW', 5, '온대, 활엽수 및 혼합 숲', '와이오밍 두꺼비는 육지에 산다고 알려져있습니다. 이 두꺼비는 야생에서는 멸종되었으나, 동물원에서 두꺼비 번식에 힘써 천천히 야생으로 되돌려 놓으려고 노력하고 있습니다.', 11, 400, 'https://img.freepik.com/premium-photo/side-view-of-a-european-common-toad-bufo-bufo-isolated-on-white_191971-28451.jpg?w=2000', 'https://us.123rf.com/450wm/hipproductions/hipproductions1402/hipproductions140200508/25945055-%EC%9D%B4%EB%A5%B8-%EA%B0%80%EC%9D%84-%EC%95%84%EC%B9%A8%EC%97%90-%ED%8E%98%EB%A5%B4-%EB%8B%A4%EC%9C%97%EC%9D%98-%EC%82%AC%EC%8A%B4%EB%8F%84-%EC%95%84%EB%B2%84%EC%A7%80-%EB%8B%A4%EC%9C%97-%EC%82%AC%EC%8A%B4%EB%9D%BC%EA%B3%A0%EB%8F%84-%EA%B9%A8%EC%96%B4.jpg?ver=6', NULL, 'https://j7d103.p.ssafy.io/image/downloadFile/EW.png', NULL, NULL),
	('iguana', '바다 이구아나', 'Marine Iguana', 'VU', 2, '바다', '바다이구아나는 갈라파고스 제도에서 발견되는 이구아나로 도마뱀 중 유일하게 바다에서 위장하고, 생존할 수 있는 능력을 가진 바다 파충류입니다. 10m 높이에서 물속으로 뛰어들 수 있으며, 갈라파고스 군도 전역에 퍼져 있어, 종종 갈라파고스바다이구아나로도 부릅니다. 주로 바위가 많은 해변에 서식하며, 늪이나 망그로브 해변에 흩어져 있기도 합니다.', 7, 5000, 'https://files.worldwildlife.org/wwfcmsprod/images/HERO_Marine_Iguana_Ecuador/hero_full/7dw8jwf8l9_Medium_WW288386.jpg', 'https://files.worldwildlife.org/wwfcmsprod/images/Marine_Iguana_Portrait/story_full_width/943c3pnxb6_Medium_WW288384.jpg', NULL, 'https://j7d103.p.ssafy.io/image/downloadFile/VU.png', NULL, NULL),
	('leopard', '아무르 표범', 'Amur Leopard', 'CR', 4, '제주', '사람들은 일반적으로 표범에 대해 아프리카의 사바나에 사는 표범을 생각하지만 러시아 극동 지역에서는 희귀한 아무르 표범이 최북단을 구성하는 온대림의 생활에 적응했습니다. 다른 표범과 마찬가지로 아무르 표범은 최대 시속 37마일의 속도로 달릴 수 있습니다. 이 놀라운 동물은 수평으로 19피트 이상, 수직으로 10피트 이상 도약하는 것으로 보고되었습니다.', 0, 222, 'https://files.worldwildlife.org/wwfcmsprod/images/Amur_Leopard_/hero_full/721j48l2l3_amur_leopard_99144569.jpg', 'https://files.worldwildlife.org/wwfcmsprod/images/Amur_Leopard_/hero_full/721j48l2l3_amur_leopard_99144569.jpg', NULL, 'https://j7d103.p.ssafy.io/image/downloadFile/CR.png', NULL, NULL),
	('penguin', '남부 바위뛰기 펭귄', 'Southern rockhopper penguin', 'VU', 2, '바다와 해안', '황제 펭귄보다 훨씬 작은 바위호퍼 펭귄의 무게는 10파운드 미만입니다. 그들은 그들이 살고 번식하는 바위가 많은 언덕과 절벽을 뛰어 넘는 독특한 움직임 때문에 이름이 붙여졌습니다. ', 6, 2000, 'https://files.worldwildlife.org/wwfcmsprod/images/HERO_Rockhopper_Penguin/hero_full/8y3esvj7gn_Penguin_Carousel_Image1_286510.jpg', 'https://media.oceanpark.com.hk/files/s3fs-public/Southern%20Rockhopper%20Penguin_2_0930.jpg', NULL, 'https://j7d103.p.ssafy.io/image/downloadFile/VU.png', NULL, NULL),
	('rhino', '큰뿔코뿔소', 'Greater One-Horned Rhino', 'VU', 2, '열대 및 아열대 초원, 사바나 및 관목', '큰뿔코뿔소는 코뿔소 종 중 가장 큽니다. 한때 인도 아대륙의 북부 전체에 널리 퍼졌던 코뿔소는 스포츠를 위해 사냥당하거나 농업 해충으로 죽임을 당하면서 급감했습니다.', 2, 3700, 'https://files.worldwildlife.org/wwfcmsprod/images/Greater_One_Horned_Rhino_8.6.2012_Hero_and_Circle_HI_107996.jpg/hero_full/3x2vhllfwd_Greater_One_Horned_Rhino_8.6.2012_Hero_and_Circle_HI_107996.jpg', 'https://files.worldwildlife.org/wwfcmsprod/images/Greater_One_Horned_Rhino_8.6.2012_Whytheymatter_HI_203197.jpg/story_full_width/3ha3i9108u_Greater_One_Horned_Rhino_8.6.2012_Whytheymatter_HI_203197.jpg', NULL, 'https://j7d103.p.ssafy.io/image/downloadFile/VU.png', NULL, NULL),
	('shark', '백상아리', 'Great White Shark', 'VU', 2, '바다', '백상아리는 알려진 세계에서 가장 큰 육식성 물고기입니다. 300개의 이빨을 가지고 있지만 음식을 씹지 않습니다. 상어는 먹이를 입 크기로 찢어 통째로 삼킵니다. 때로는 물에서 뛰어내리기도 합니다. 넙치와 같은 작은 물고기에서 큰 물개와 돌고래에 이르기까지 광범위한 먹이를 먹습니다.', 8, 3500, 'https://files.worldwildlife.org/wwfcmsprod/images/Great_White_Shark_Circle_and_Hero_Image/hero_full/56ksgfki3k_Species_Great_White_Shark_WWF_Carlos_Aguilera.jpg', 'https://files.worldwildlife.org/wwfcmsprod/images/Great_White_Shark_111754/story_full_width/25bemz6nwn_great_white_shark_7.30.2012_whytheymatter_HI_111754.jpg', NULL, 'https://j7d103.p.ssafy.io/image/downloadFile/VU.png', NULL, NULL),
	('tiger', '호랑이', 'Tiger', 'EN', 3, '열대 우림, 상록수림, 온대림, 맹그로브 습지, 초원 및 사바나', '모든 아시아 큰 고양이 중 가장 큰 호랑이는 사냥을 위해 냄새보다 주로 시각과 소리에 의존합니다. 그들은 일반적으로 혼자 사냥하고 먹이를 스토킹합니다. 호랑이는 한 번에 80파운드 이상의 고기를 먹을 수 있습니다. 평균적으로 호랑이는 2년에 2~4마리의 새끼를 낳습니다. 한 배의 새끼가 모두 죽으면 5개월 이내에 두 번째 배를 낳을 수 있습니다.', 8, 4000, 'https://files.worldwildlife.org/wwfcmsprod/images/Tiger_resting_Bandhavgarh_National_Park_India/hero_full/77ic6i4qdj_Medium_WW226365.jpg', 'https://files.worldwildlife.org/wwfcmsprod/images/Tiger_Walking_Madhya_Pradesh_India/story_full_width/9ghsu6o0ow_Medium_WW246778.jpg', NULL, 'https://j7d103.p.ssafy.io/image/downloadFile/EN.png', NULL, NULL);

-- 테이블 samals.tb_ipfs 구조 내보내기
CREATE TABLE IF NOT EXISTS `tb_ipfs` (
  `ipfs_seq` int NOT NULL AUTO_INCREMENT,
  `ipfs_uri` varchar(255) CHARACTER SET utf8mb4 COLLATE utf8mb4_0900_ai_ci DEFAULT NULL,
  `ipfs_type` varchar(50) DEFAULT NULL,
  `ipfs_is_used` char(1) NOT NULL DEFAULT 'N',
  `ipfs_token_id` int DEFAULT NULL,
  `animal_species` varchar(50) DEFAULT NULL,
  PRIMARY KEY (`ipfs_seq`),
  UNIQUE KEY `ipfs_uri` (`ipfs_uri`) USING BTREE,
  KEY `animal_species` (`animal_species`),
  CONSTRAINT `animal_species` FOREIGN KEY (`animal_species`) REFERENCES `tb_animal` (`animal_species`)
) ENGINE=InnoDB AUTO_INCREMENT=901 DEFAULT CHARSET=utf8mb4 COLLATE=utf8mb4_0900_ai_ci;

-- 테이블 데이터 samals.tb_ipfs:~900 rows (대략적) 내보내기
REPLACE INTO `tb_ipfs` (`ipfs_seq`, `ipfs_uri`, `ipfs_type`, `ipfs_is_used`, `ipfs_token_id`, `animal_species`) VALUES
	(1, 'https://j7d103.p.ssafy.io/image/downloadFile/leopard%20(1).png', 'market', 'N', 0, 'leopard'),
	(2, 'https://j7d103.p.ssafy.io/image/downloadFile/leopard%20(2).png', 'market', 'N', 0, 'leopard'),
	(3, 'https://j7d103.p.ssafy.io/image/downloadFile/leopard%20(3).png', 'market', 'N', 0, 'leopard'),
	(4, 'https://j7d103.p.ssafy.io/image/downloadFile/leopard%20(4).png', 'market', 'N', 0, 'leopard'),
	(5, 'https://j7d103.p.ssafy.io/image/downloadFile/leopard%20(5).png', 'market', 'N', 0, 'leopard'),
	(6, 'https://j7d103.p.ssafy.io/image/downloadFile/leopard%20(6).png', 'market', 'N', 0, 'leopard'),
	(7, 'https://j7d103.p.ssafy.io/image/downloadFile/leopard%20(7).png', 'market', 'N', 0, 'leopard'),
	(8, 'https://j7d103.p.ssafy.io/image/downloadFile/leopard%20(8).png', 'market', 'N', 0, 'leopard'),
	(9, 'https://j7d103.p.ssafy.io/image/downloadFile/leopard%20(9).png', 'market', 'N', 0, 'leopard'),
	(10, 'https://j7d103.p.ssafy.io/image/downloadFile/leopard%20(10).png', 'market', 'N', 0, 'leopard'),
	(11, 'https://j7d103.p.ssafy.io/image/downloadFile/leopard%20(11).png', 'market', 'N', 0, 'leopard'),
	(12, 'https://j7d103.p.ssafy.io/image/downloadFile/leopard%20(12).png', 'market', 'N', 0, 'leopard'),
	(13, 'https://j7d103.p.ssafy.io/image/downloadFile/leopard%20(13).png', 'market', 'N', 0, 'leopard'),
	(14, 'https://j7d103.p.ssafy.io/image/downloadFile/leopard%20(14).png', 'market', 'N', 0, 'leopard'),
	(15, 'https://j7d103.p.ssafy.io/image/downloadFile/leopard%20(15).png', 'market', 'N', 0, 'leopard'),
	(16, 'https://j7d103.p.ssafy.io/image/downloadFile/leopard%20(16).png', 'market', 'N', 0, 'leopard'),
	(17, 'https://j7d103.p.ssafy.io/image/downloadFile/leopard%20(17).png', 'market', 'N', 0, 'leopard'),
	(18, 'https://j7d103.p.ssafy.io/image/downloadFile/leopard%20(18).png', 'market', 'N', 0, 'leopard'),
	(19, 'https://j7d103.p.ssafy.io/image/downloadFile/leopard%20(19).png', 'market', 'N', 0, 'leopard'),
	(20, 'https://j7d103.p.ssafy.io/image/downloadFile/leopard%20(20).png', 'market', 'N', 0, 'leopard'),
	(21, 'https://j7d103.p.ssafy.io/image/downloadFile/leopard%20(21).png', 'market', 'N', 0, 'leopard'),
	(22, 'https://j7d103.p.ssafy.io/image/downloadFile/leopard%20(22).png', 'market', 'N', 0, 'leopard'),
	(23, 'https://j7d103.p.ssafy.io/image/downloadFile/leopard%20(23).png', 'market', 'N', 0, 'leopard'),
	(24, 'https://j7d103.p.ssafy.io/image/downloadFile/leopard%20(24).png', 'market', 'N', 0, 'leopard'),
	(25, 'https://j7d103.p.ssafy.io/image/downloadFile/leopard%20(25).png', 'market', 'N', 0, 'leopard'),
	(26, 'https://j7d103.p.ssafy.io/image/downloadFile/leopard%20(26).png', 'market', 'N', 0, 'leopard'),
	(27, 'https://j7d103.p.ssafy.io/image/downloadFile/leopard%20(27).png', 'market', 'N', 0, 'leopard'),
	(28, 'https://j7d103.p.ssafy.io/image/downloadFile/leopard%20(28).png', 'market', 'N', 0, 'leopard'),
	(29, 'https://j7d103.p.ssafy.io/image/downloadFile/leopard%20(29).png', 'market', 'N', 0, 'leopard'),
	(30, 'https://j7d103.p.ssafy.io/image/downloadFile/leopard%20(30).png', 'market', 'N', 0, 'leopard'),
	(31, 'https://j7d103.p.ssafy.io/image/downloadFile/leopard%20(31).png', 'market', 'N', 0, 'leopard'),
	(32, 'https://j7d103.p.ssafy.io/image/downloadFile/leopard%20(32).png', 'market', 'N', 0, 'leopard'),
	(33, 'https://j7d103.p.ssafy.io/image/downloadFile/leopard%20(33).png', 'market', 'N', 0, 'leopard'),
	(34, 'https://j7d103.p.ssafy.io/image/downloadFile/leopard%20(34).png', 'market', 'N', 0, 'leopard'),
	(35, 'https://j7d103.p.ssafy.io/image/downloadFile/leopard%20(35).png', 'market', 'N', 0, 'leopard'),
	(36, 'https://j7d103.p.ssafy.io/image/downloadFile/leopard%20(36).png', 'market', 'N', 0, 'leopard'),
	(37, 'https://j7d103.p.ssafy.io/image/downloadFile/leopard%20(37).png', 'market', 'N', 0, 'leopard'),
	(38, 'https://j7d103.p.ssafy.io/image/downloadFile/leopard%20(38).png', 'market', 'N', 0, 'leopard'),
	(39, 'https://j7d103.p.ssafy.io/image/downloadFile/leopard%20(39).png', 'market', 'N', 0, 'leopard'),
	(40, 'https://j7d103.p.ssafy.io/image/downloadFile/leopard%20(40).png', 'market', 'N', 0, 'leopard'),
	(41, 'https://j7d103.p.ssafy.io/image/downloadFile/leopard%20(41).png', 'market', 'N', 0, 'leopard'),
	(42, 'https://j7d103.p.ssafy.io/image/downloadFile/leopard%20(42).png', 'market', 'N', 0, 'leopard'),
	(43, 'https://j7d103.p.ssafy.io/image/downloadFile/leopard%20(43).png', 'market', 'N', 0, 'leopard'),
	(44, 'https://j7d103.p.ssafy.io/image/downloadFile/leopard%20(44).png', 'market', 'N', 0, 'leopard'),
	(45, 'https://j7d103.p.ssafy.io/image/downloadFile/leopard%20(45).png', 'market', 'N', 0, 'leopard'),
	(46, 'https://j7d103.p.ssafy.io/image/downloadFile/leopard%20(46).png', 'market', 'N', 0, 'leopard'),
	(47, 'https://j7d103.p.ssafy.io/image/downloadFile/leopard%20(47).png', 'market', 'N', 0, 'leopard'),
	(48, 'https://j7d103.p.ssafy.io/image/downloadFile/leopard%20(48).png', 'market', 'N', 0, 'leopard'),
	(49, 'https://j7d103.p.ssafy.io/image/downloadFile/leopard%20(49).png', 'market', 'N', 0, 'leopard'),
	(50, 'https://j7d103.p.ssafy.io/image/downloadFile/leopard%20(50).png', 'market', 'N', 0, 'leopard'),
	(51, 'https://j7d103.p.ssafy.io/image/downloadFile/leopard%20(51).png', 'market', 'N', 0, 'leopard'),
	(52, 'https://j7d103.p.ssafy.io/image/downloadFile/leopard%20(52).png', 'market', 'N', 0, 'leopard'),
	(53, 'https://j7d103.p.ssafy.io/image/downloadFile/leopard%20(53).png', 'market', 'N', 0, 'leopard'),
	(54, 'https://j7d103.p.ssafy.io/image/downloadFile/leopard%20(54).png', 'market', 'N', 0, 'leopard'),
	(55, 'https://j7d103.p.ssafy.io/image/downloadFile/leopard%20(55).png', 'market', 'N', 0, 'leopard'),
	(56, 'https://j7d103.p.ssafy.io/image/downloadFile/leopard%20(56).png', 'market', 'N', 0, 'leopard'),
	(57, 'https://j7d103.p.ssafy.io/image/downloadFile/leopard%20(57).png', 'market', 'N', 0, 'leopard'),
	(58, 'https://j7d103.p.ssafy.io/image/downloadFile/leopard%20(58).png', 'market', 'N', 0, 'leopard'),
	(59, 'https://j7d103.p.ssafy.io/image/downloadFile/leopard%20(59).png', 'market', 'N', 0, 'leopard'),
	(60, 'https://j7d103.p.ssafy.io/image/downloadFile/leopard%20(60).png', 'market', 'N', 0, 'leopard'),
	(61, 'https://j7d103.p.ssafy.io/image/downloadFile/leopard%20(61).png', 'market', 'N', 0, 'leopard'),
	(62, 'https://j7d103.p.ssafy.io/image/downloadFile/leopard%20(62).png', 'market', 'N', 0, 'leopard'),
	(63, 'https://j7d103.p.ssafy.io/image/downloadFile/leopard%20(63).png', 'market', 'N', 0, 'leopard'),
	(64, 'https://j7d103.p.ssafy.io/image/downloadFile/leopard%20(64).png', 'market', 'N', 0, 'leopard'),
	(65, 'https://j7d103.p.ssafy.io/image/downloadFile/leopard%20(65).png', 'market', 'N', 0, 'leopard'),
	(66, 'https://j7d103.p.ssafy.io/image/downloadFile/leopard%20(66).png', 'market', 'N', 0, 'leopard'),
	(67, 'https://j7d103.p.ssafy.io/image/downloadFile/leopard%20(67).png', 'market', 'N', 0, 'leopard'),
	(68, 'https://j7d103.p.ssafy.io/image/downloadFile/leopard%20(68).png', 'market', 'N', 0, 'leopard'),
	(69, 'https://j7d103.p.ssafy.io/image/downloadFile/leopard%20(69).png', 'market', 'N', 0, 'leopard'),
	(70, 'https://j7d103.p.ssafy.io/image/downloadFile/leopard%20(70).png', 'market', 'N', 0, 'leopard'),
	(71, 'https://j7d103.p.ssafy.io/image/downloadFile/leopard%20(71).png', 'market', 'N', 0, 'leopard'),
	(72, 'https://j7d103.p.ssafy.io/image/downloadFile/leopard%20(72).png', 'market', 'N', 0, 'leopard'),
	(73, 'https://j7d103.p.ssafy.io/image/downloadFile/leopard%20(73).png', 'market', 'N', 0, 'leopard'),
	(74, 'https://j7d103.p.ssafy.io/image/downloadFile/leopard%20(74).png', 'market', 'N', 0, 'leopard'),
	(75, 'https://j7d103.p.ssafy.io/image/downloadFile/leopard%20(75).png', 'market', 'N', 0, 'leopard'),
	(76, 'https://j7d103.p.ssafy.io/image/downloadFile/leopard%20(76).png', 'market', 'N', 0, 'leopard'),
	(77, 'https://j7d103.p.ssafy.io/image/downloadFile/leopard%20(77).png', 'market', 'N', 0, 'leopard'),
	(78, 'https://j7d103.p.ssafy.io/image/downloadFile/leopard%20(78).png', 'market', 'N', 0, 'leopard'),
	(79, 'https://j7d103.p.ssafy.io/image/downloadFile/leopard%20(79).png', 'market', 'N', 0, 'leopard'),
	(80, 'https://j7d103.p.ssafy.io/image/downloadFile/leopard%20(80).png', 'market', 'N', 0, 'leopard'),
	(81, 'https://j7d103.p.ssafy.io/image/downloadFile/leopard%20(81).png', 'market', 'N', 0, 'leopard'),
	(82, 'https://j7d103.p.ssafy.io/image/downloadFile/leopard%20(82).png', 'market', 'N', 0, 'leopard'),
	(83, 'https://j7d103.p.ssafy.io/image/downloadFile/leopard%20(83).png', 'market', 'N', 0, 'leopard'),
	(84, 'https://j7d103.p.ssafy.io/image/downloadFile/leopard%20(84).png', 'market', 'N', 0, 'leopard'),
	(85, 'https://j7d103.p.ssafy.io/image/downloadFile/leopard%20(85).png', 'market', 'N', 0, 'leopard'),
	(86, 'https://j7d103.p.ssafy.io/image/downloadFile/leopard%20(86).png', 'market', 'N', 0, 'leopard'),
	(87, 'https://j7d103.p.ssafy.io/image/downloadFile/leopard%20(87).png', 'market', 'N', 0, 'leopard'),
	(88, 'https://j7d103.p.ssafy.io/image/downloadFile/leopard%20(88).png', 'market', 'N', 0, 'leopard'),
	(89, 'https://j7d103.p.ssafy.io/image/downloadFile/leopard%20(89).png', 'market', 'N', 0, 'leopard'),
	(90, 'https://j7d103.p.ssafy.io/image/downloadFile/leopard%20(90).png', 'market', 'N', 0, 'leopard'),
	(91, 'https://j7d103.p.ssafy.io/image/downloadFile/leopard%20(91).png', 'market', 'N', 0, 'leopard'),
	(92, 'https://j7d103.p.ssafy.io/image/downloadFile/leopard%20(92).png', 'market', 'N', 0, 'leopard'),
	(93, 'https://j7d103.p.ssafy.io/image/downloadFile/leopard%20(93).png', 'market', 'N', 0, 'leopard'),
	(94, 'https://j7d103.p.ssafy.io/image/downloadFile/leopard%20(94).png', 'market', 'N', 0, 'leopard'),
	(95, 'https://j7d103.p.ssafy.io/image/downloadFile/leopard%20(95).png', 'market', 'N', 0, 'leopard'),
	(96, 'https://j7d103.p.ssafy.io/image/downloadFile/leopard%20(96).png', 'market', 'N', 0, 'leopard'),
	(97, 'https://j7d103.p.ssafy.io/image/downloadFile/leopard%20(97).png', 'market', 'N', 0, 'leopard'),
	(98, 'https://j7d103.p.ssafy.io/image/downloadFile/leopard%20(98).png', 'market', 'N', 0, 'leopard'),
	(99, 'https://j7d103.p.ssafy.io/image/downloadFile/leopard%20(99).png', 'market', 'N', 0, 'leopard'),
	(100, 'https://j7d103.p.ssafy.io/image/downloadFile/leopard%20(100).png', 'market', 'N', 0, 'leopard'),
	(101, 'https://j7d103.p.ssafy.io/image/downloadFile/iguana%20(1).png', 'market', 'N', 0, 'iguana'),
	(102, 'https://j7d103.p.ssafy.io/image/downloadFile/iguana%20(2).png', 'market', 'N', 0, 'iguana'),
	(103, 'https://j7d103.p.ssafy.io/image/downloadFile/iguana%20(3).png', 'market', 'N', 0, 'iguana'),
	(104, 'https://j7d103.p.ssafy.io/image/downloadFile/iguana%20(4).png', 'market', 'N', 0, 'iguana'),
	(105, 'https://j7d103.p.ssafy.io/image/downloadFile/iguana%20(5).png', 'market', 'N', 0, 'iguana'),
	(106, 'https://j7d103.p.ssafy.io/image/downloadFile/iguana%20(6).png', 'market', 'N', 0, 'iguana'),
	(107, 'https://j7d103.p.ssafy.io/image/downloadFile/iguana%20(7).png', 'market', 'N', 0, 'iguana'),
	(108, 'https://j7d103.p.ssafy.io/image/downloadFile/iguana%20(8).png', 'market', 'N', 0, 'iguana'),
	(109, 'https://j7d103.p.ssafy.io/image/downloadFile/iguana%20(9).png', 'market', 'N', 0, 'iguana'),
	(110, 'https://j7d103.p.ssafy.io/image/downloadFile/iguana%20(10).png', 'market', 'N', 0, 'iguana'),
	(111, 'https://j7d103.p.ssafy.io/image/downloadFile/iguana%20(11).png', 'market', 'N', 0, 'iguana'),
	(112, 'https://j7d103.p.ssafy.io/image/downloadFile/iguana%20(12).png', 'market', 'N', 0, 'iguana'),
	(113, 'https://j7d103.p.ssafy.io/image/downloadFile/iguana%20(13).png', 'market', 'N', 0, 'iguana'),
	(114, 'https://j7d103.p.ssafy.io/image/downloadFile/iguana%20(14).png', 'market', 'Y', 15, 'iguana'),
	(115, 'https://j7d103.p.ssafy.io/image/downloadFile/iguana%20(15).png', 'market', 'N', 0, 'iguana'),
	(116, 'https://j7d103.p.ssafy.io/image/downloadFile/iguana%20(16).png', 'market', 'N', 0, 'iguana'),
	(117, 'https://j7d103.p.ssafy.io/image/downloadFile/iguana%20(17).png', 'market', 'N', 0, 'iguana'),
	(118, 'https://j7d103.p.ssafy.io/image/downloadFile/iguana%20(18).png', 'market', 'N', 0, 'iguana'),
	(119, 'https://j7d103.p.ssafy.io/image/downloadFile/iguana%20(19).png', 'market', 'N', 0, 'iguana'),
	(120, 'https://j7d103.p.ssafy.io/image/downloadFile/iguana%20(20).png', 'market', 'N', 0, 'iguana'),
	(121, 'https://j7d103.p.ssafy.io/image/downloadFile/iguana%20(21).png', 'market', 'Y', 26, 'iguana'),
	(122, 'https://j7d103.p.ssafy.io/image/downloadFile/iguana%20(22).png', 'market', 'N', 0, 'iguana'),
	(123, 'https://j7d103.p.ssafy.io/image/downloadFile/iguana%20(23).png', 'market', 'N', 0, 'iguana'),
	(124, 'https://j7d103.p.ssafy.io/image/downloadFile/iguana%20(24).png', 'market', 'N', 0, 'iguana'),
	(125, 'https://j7d103.p.ssafy.io/image/downloadFile/iguana%20(25).png', 'market', 'N', 0, 'iguana'),
	(126, 'https://j7d103.p.ssafy.io/image/downloadFile/iguana%20(26).png', 'market', 'N', 0, 'iguana'),
	(127, 'https://j7d103.p.ssafy.io/image/downloadFile/iguana%20(27).png', 'market', 'N', 0, 'iguana'),
	(128, 'https://j7d103.p.ssafy.io/image/downloadFile/iguana%20(28).png', 'market', 'N', 0, 'iguana'),
	(129, 'https://j7d103.p.ssafy.io/image/downloadFile/iguana%20(29).png', 'market', 'N', 0, 'iguana'),
	(130, 'https://j7d103.p.ssafy.io/image/downloadFile/iguana%20(30).png', 'market', 'N', 0, 'iguana'),
	(131, 'https://j7d103.p.ssafy.io/image/downloadFile/iguana%20(31).png', 'market', 'Y', 27, 'iguana'),
	(132, 'https://j7d103.p.ssafy.io/image/downloadFile/iguana%20(32).png', 'market', 'N', 0, 'iguana'),
	(133, 'https://j7d103.p.ssafy.io/image/downloadFile/iguana%20(33).png', 'market', 'N', 0, 'iguana'),
	(134, 'https://j7d103.p.ssafy.io/image/downloadFile/iguana%20(34).png', 'market', 'N', 0, 'iguana'),
	(135, 'https://j7d103.p.ssafy.io/image/downloadFile/iguana%20(35).png', 'market', 'N', 0, 'iguana'),
	(136, 'https://j7d103.p.ssafy.io/image/downloadFile/iguana%20(36).png', 'market', 'N', 0, 'iguana'),
	(137, 'https://j7d103.p.ssafy.io/image/downloadFile/iguana%20(37).png', 'market', 'N', 0, 'iguana'),
	(138, 'https://j7d103.p.ssafy.io/image/downloadFile/iguana%20(38).png', 'market', 'N', 0, 'iguana'),
	(139, 'https://j7d103.p.ssafy.io/image/downloadFile/iguana%20(39).png', 'market', 'N', 0, 'iguana'),
	(140, 'https://j7d103.p.ssafy.io/image/downloadFile/iguana%20(40).png', 'market', 'N', 0, 'iguana'),
	(141, 'https://j7d103.p.ssafy.io/image/downloadFile/iguana%20(41).png', 'market', 'N', 0, 'iguana'),
	(142, 'https://j7d103.p.ssafy.io/image/downloadFile/iguana%20(42).png', 'market', 'N', 0, 'iguana'),
	(143, 'https://j7d103.p.ssafy.io/image/downloadFile/iguana%20(43).png', 'market', 'N', 0, 'iguana'),
	(144, 'https://j7d103.p.ssafy.io/image/downloadFile/iguana%20(44).png', 'market', 'N', 0, 'iguana'),
	(145, 'https://j7d103.p.ssafy.io/image/downloadFile/iguana%20(45).png', 'market', 'Y', 54, 'iguana'),
	(146, 'https://j7d103.p.ssafy.io/image/downloadFile/iguana%20(46).png', 'market', 'N', 0, 'iguana'),
	(147, 'https://j7d103.p.ssafy.io/image/downloadFile/iguana%20(47).png', 'market', 'N', 0, 'iguana'),
	(148, 'https://j7d103.p.ssafy.io/image/downloadFile/iguana%20(48).png', 'market', 'N', 0, 'iguana'),
	(149, 'https://j7d103.p.ssafy.io/image/downloadFile/iguana%20(49).png', 'market', 'N', 0, 'iguana'),
	(150, 'https://j7d103.p.ssafy.io/image/downloadFile/iguana%20(50).png', 'market', 'N', 0, 'iguana'),
	(151, 'https://j7d103.p.ssafy.io/image/downloadFile/iguana%20(51).png', 'market', 'N', 0, 'iguana'),
	(152, 'https://j7d103.p.ssafy.io/image/downloadFile/iguana%20(52).png', 'market', 'Y', 53, 'iguana'),
	(153, 'https://j7d103.p.ssafy.io/image/downloadFile/iguana%20(53).png', 'market', 'N', 0, 'iguana'),
	(154, 'https://j7d103.p.ssafy.io/image/downloadFile/iguana%20(54).png', 'market', 'N', 0, 'iguana'),
	(155, 'https://j7d103.p.ssafy.io/image/downloadFile/iguana%20(55).png', 'market', 'N', 0, 'iguana'),
	(156, 'https://j7d103.p.ssafy.io/image/downloadFile/iguana%20(56).png', 'market', 'N', 0, 'iguana'),
	(157, 'https://j7d103.p.ssafy.io/image/downloadFile/iguana%20(57).png', 'market', 'N', 0, 'iguana'),
	(158, 'https://j7d103.p.ssafy.io/image/downloadFile/iguana%20(58).png', 'market', 'N', 0, 'iguana'),
	(159, 'https://j7d103.p.ssafy.io/image/downloadFile/iguana%20(59).png', 'market', 'N', 0, 'iguana'),
	(160, 'https://j7d103.p.ssafy.io/image/downloadFile/iguana%20(60).png', 'market', 'N', 0, 'iguana'),
	(161, 'https://j7d103.p.ssafy.io/image/downloadFile/iguana%20(61).png', 'market', 'N', 0, 'iguana'),
	(162, 'https://j7d103.p.ssafy.io/image/downloadFile/iguana%20(62).png', 'market', 'N', 0, 'iguana'),
	(163, 'https://j7d103.p.ssafy.io/image/downloadFile/iguana%20(63).png', 'market', 'N', 0, 'iguana'),
	(164, 'https://j7d103.p.ssafy.io/image/downloadFile/iguana%20(64).png', 'market', 'N', 0, 'iguana'),
	(165, 'https://j7d103.p.ssafy.io/image/downloadFile/iguana%20(65).png', 'market', 'N', 0, 'iguana'),
	(166, 'https://j7d103.p.ssafy.io/image/downloadFile/iguana%20(66).png', 'market', 'N', 0, 'iguana'),
	(167, 'https://j7d103.p.ssafy.io/image/downloadFile/iguana%20(67).png', 'market', 'N', 0, 'iguana'),
	(168, 'https://j7d103.p.ssafy.io/image/downloadFile/iguana%20(68).png', 'market', 'N', 0, 'iguana'),
	(169, 'https://j7d103.p.ssafy.io/image/downloadFile/iguana%20(69).png', 'market', 'N', 0, 'iguana'),
	(170, 'https://j7d103.p.ssafy.io/image/downloadFile/iguana%20(70).png', 'market', 'N', 0, 'iguana'),
	(171, 'https://j7d103.p.ssafy.io/image/downloadFile/iguana%20(71).png', 'market', 'N', 0, 'iguana'),
	(172, 'https://j7d103.p.ssafy.io/image/downloadFile/iguana%20(72).png', 'market', 'N', 0, 'iguana'),
	(173, 'https://j7d103.p.ssafy.io/image/downloadFile/iguana%20(73).png', 'market', 'N', 0, 'iguana'),
	(174, 'https://j7d103.p.ssafy.io/image/downloadFile/iguana%20(74).png', 'market', 'N', 0, 'iguana'),
	(175, 'https://j7d103.p.ssafy.io/image/downloadFile/iguana%20(75).png', 'market', 'N', 0, 'iguana'),
	(176, 'https://j7d103.p.ssafy.io/image/downloadFile/iguana%20(76).png', 'market', 'N', 0, 'iguana'),
	(177, 'https://j7d103.p.ssafy.io/image/downloadFile/iguana%20(77).png', 'market', 'N', 0, 'iguana'),
	(178, 'https://j7d103.p.ssafy.io/image/downloadFile/iguana%20(78).png', 'market', 'N', 0, 'iguana'),
	(179, 'https://j7d103.p.ssafy.io/image/downloadFile/iguana%20(79).png', 'market', 'N', 0, 'iguana'),
	(180, 'https://j7d103.p.ssafy.io/image/downloadFile/iguana%20(80).png', 'market', 'N', 0, 'iguana'),
	(181, 'https://j7d103.p.ssafy.io/image/downloadFile/iguana%20(81).png', 'market', 'Y', 25, 'iguana'),
	(182, 'https://j7d103.p.ssafy.io/image/downloadFile/iguana%20(82).png', 'market', 'Y', 28, 'iguana'),
	(183, 'https://j7d103.p.ssafy.io/image/downloadFile/iguana%20(83).png', 'market', 'N', 0, 'iguana'),
	(184, 'https://j7d103.p.ssafy.io/image/downloadFile/iguana%20(84).png', 'market', 'N', 0, 'iguana'),
	(185, 'https://j7d103.p.ssafy.io/image/downloadFile/iguana%20(85).png', 'market', 'N', 0, 'iguana'),
	(186, 'https://j7d103.p.ssafy.io/image/downloadFile/iguana%20(86).png', 'market', 'N', 0, 'iguana'),
	(187, 'https://j7d103.p.ssafy.io/image/downloadFile/iguana%20(87).png', 'market', 'N', 0, 'iguana'),
	(188, 'https://j7d103.p.ssafy.io/image/downloadFile/iguana%20(88).png', 'market', 'N', 0, 'iguana'),
	(189, 'https://j7d103.p.ssafy.io/image/downloadFile/iguana%20(89).png', 'market', 'N', 0, 'iguana'),
	(190, 'https://j7d103.p.ssafy.io/image/downloadFile/iguana%20(90).png', 'market', 'N', 0, 'iguana'),
	(191, 'https://j7d103.p.ssafy.io/image/downloadFile/iguana%20(91).png', 'market', 'N', 0, 'iguana'),
	(192, 'https://j7d103.p.ssafy.io/image/downloadFile/iguana%20(92).png', 'market', 'N', 0, 'iguana'),
	(193, 'https://j7d103.p.ssafy.io/image/downloadFile/iguana%20(93).png', 'market', 'N', 0, 'iguana'),
	(194, 'https://j7d103.p.ssafy.io/image/downloadFile/iguana%20(94).png', 'market', 'N', 0, 'iguana'),
	(195, 'https://j7d103.p.ssafy.io/image/downloadFile/iguana%20(95).png', 'market', 'N', 0, 'iguana'),
	(196, 'https://j7d103.p.ssafy.io/image/downloadFile/iguana%20(96).png', 'market', 'N', 0, 'iguana'),
	(197, 'https://j7d103.p.ssafy.io/image/downloadFile/iguana%20(97).png', 'market', 'N', 0, 'iguana'),
	(198, 'https://j7d103.p.ssafy.io/image/downloadFile/iguana%20(98).png', 'market', 'N', 0, 'iguana'),
	(199, 'https://j7d103.p.ssafy.io/image/downloadFile/iguana%20(99).png', 'market', 'N', 0, 'iguana'),
	(200, 'https://j7d103.p.ssafy.io/image/downloadFile/iguana%20(100).png', 'market', 'N', 0, 'iguana'),
	(201, 'https://j7d103.p.ssafy.io/image/downloadFile/penguin%20(1).png', 'market', 'N', 0, 'penguin'),
	(202, 'https://j7d103.p.ssafy.io/image/downloadFile/penguin%20(2).png', 'market', 'N', 0, 'penguin'),
	(203, 'https://j7d103.p.ssafy.io/image/downloadFile/penguin%20(3).png', 'market', 'N', 0, 'penguin'),
	(204, 'https://j7d103.p.ssafy.io/image/downloadFile/penguin%20(4).png', 'market', 'N', 0, 'penguin'),
	(205, 'https://j7d103.p.ssafy.io/image/downloadFile/penguin%20(5).png', 'market', 'N', 0, 'penguin'),
	(206, 'https://j7d103.p.ssafy.io/image/downloadFile/penguin%20(6).png', 'market', 'N', 0, 'penguin'),
	(207, 'https://j7d103.p.ssafy.io/image/downloadFile/penguin%20(7).png', 'market', 'N', 0, 'penguin'),
	(208, 'https://j7d103.p.ssafy.io/image/downloadFile/penguin%20(8).png', 'market', 'N', 0, 'penguin'),
	(209, 'https://j7d103.p.ssafy.io/image/downloadFile/penguin%20(9).png', 'market', 'N', 0, 'penguin'),
	(210, 'https://j7d103.p.ssafy.io/image/downloadFile/penguin%20(10).png', 'market', 'N', 0, 'penguin'),
	(211, 'https://j7d103.p.ssafy.io/image/downloadFile/penguin%20(11).png', 'market', 'N', 0, 'penguin'),
	(212, 'https://j7d103.p.ssafy.io/image/downloadFile/penguin%20(12).png', 'market', 'N', 0, 'penguin'),
	(213, 'https://j7d103.p.ssafy.io/image/downloadFile/penguin%20(13).png', 'market', 'N', 0, 'penguin'),
	(214, 'https://j7d103.p.ssafy.io/image/downloadFile/penguin%20(14).png', 'market', 'N', 0, 'penguin'),
	(215, 'https://j7d103.p.ssafy.io/image/downloadFile/penguin%20(15).png', 'market', 'N', 0, 'penguin'),
	(216, 'https://j7d103.p.ssafy.io/image/downloadFile/penguin%20(16).png', 'market', 'N', 0, 'penguin'),
	(217, 'https://j7d103.p.ssafy.io/image/downloadFile/penguin%20(17).png', 'market', 'N', 0, 'penguin'),
	(218, 'https://j7d103.p.ssafy.io/image/downloadFile/penguin%20(18).png', 'market', 'N', 0, 'penguin'),
	(219, 'https://j7d103.p.ssafy.io/image/downloadFile/penguin%20(19).png', 'market', 'N', 0, 'penguin'),
	(220, 'https://j7d103.p.ssafy.io/image/downloadFile/penguin%20(20).png', 'market', 'N', 0, 'penguin'),
	(221, 'https://j7d103.p.ssafy.io/image/downloadFile/penguin%20(21).png', 'market', 'N', 0, 'penguin'),
	(222, 'https://j7d103.p.ssafy.io/image/downloadFile/penguin%20(22).png', 'market', 'N', 0, 'penguin'),
	(223, 'https://j7d103.p.ssafy.io/image/downloadFile/penguin%20(23).png', 'market', 'N', 0, 'penguin'),
	(224, 'https://j7d103.p.ssafy.io/image/downloadFile/penguin%20(24).png', 'market', 'N', 0, 'penguin'),
	(225, 'https://j7d103.p.ssafy.io/image/downloadFile/penguin%20(25).png', 'market', 'N', 0, 'penguin'),
	(226, 'https://j7d103.p.ssafy.io/image/downloadFile/penguin%20(26).png', 'market', 'N', 0, 'penguin'),
	(227, 'https://j7d103.p.ssafy.io/image/downloadFile/penguin%20(27).png', 'market', 'N', 0, 'penguin'),
	(228, 'https://j7d103.p.ssafy.io/image/downloadFile/penguin%20(28).png', 'market', 'N', 0, 'penguin'),
	(229, 'https://j7d103.p.ssafy.io/image/downloadFile/penguin%20(29).png', 'market', 'N', 0, 'penguin'),
	(230, 'https://j7d103.p.ssafy.io/image/downloadFile/penguin%20(30).png', 'market', 'N', 0, 'penguin'),
	(231, 'https://j7d103.p.ssafy.io/image/downloadFile/penguin%20(31).png', 'market', 'N', 0, 'penguin'),
	(232, 'https://j7d103.p.ssafy.io/image/downloadFile/penguin%20(32).png', 'market', 'N', 0, 'penguin'),
	(233, 'https://j7d103.p.ssafy.io/image/downloadFile/penguin%20(33).png', 'market', 'N', 0, 'penguin'),
	(234, 'https://j7d103.p.ssafy.io/image/downloadFile/penguin%20(34).png', 'market', 'Y', 7, 'penguin'),
	(235, 'https://j7d103.p.ssafy.io/image/downloadFile/penguin%20(35).png', 'market', 'N', 0, 'penguin'),
	(236, 'https://j7d103.p.ssafy.io/image/downloadFile/penguin%20(36).png', 'market', 'Y', 56, 'penguin'),
	(237, 'https://j7d103.p.ssafy.io/image/downloadFile/penguin%20(37).png', 'market', 'N', 0, 'penguin'),
	(238, 'https://j7d103.p.ssafy.io/image/downloadFile/penguin%20(38).png', 'market', 'N', 0, 'penguin'),
	(239, 'https://j7d103.p.ssafy.io/image/downloadFile/penguin%20(39).png', 'market', 'N', 0, 'penguin'),
	(240, 'https://j7d103.p.ssafy.io/image/downloadFile/penguin%20(40).png', 'market', 'N', 0, 'penguin'),
	(241, 'https://j7d103.p.ssafy.io/image/downloadFile/penguin%20(41).png', 'market', 'N', 0, 'penguin'),
	(242, 'https://j7d103.p.ssafy.io/image/downloadFile/penguin%20(42).png', 'market', 'N', 0, 'penguin'),
	(243, 'https://j7d103.p.ssafy.io/image/downloadFile/penguin%20(43).png', 'market', 'N', 0, 'penguin'),
	(244, 'https://j7d103.p.ssafy.io/image/downloadFile/penguin%20(44).png', 'market', 'Y', 8, 'penguin'),
	(245, 'https://j7d103.p.ssafy.io/image/downloadFile/penguin%20(45).png', 'market', 'N', 0, 'penguin'),
	(246, 'https://j7d103.p.ssafy.io/image/downloadFile/penguin%20(46).png', 'market', 'N', 0, 'penguin'),
	(247, 'https://j7d103.p.ssafy.io/image/downloadFile/penguin%20(47).png', 'market', 'N', 0, 'penguin'),
	(248, 'https://j7d103.p.ssafy.io/image/downloadFile/penguin%20(48).png', 'market', 'N', 0, 'penguin'),
	(249, 'https://j7d103.p.ssafy.io/image/downloadFile/penguin%20(49).png', 'market', 'N', 0, 'penguin'),
	(250, 'https://j7d103.p.ssafy.io/image/downloadFile/penguin%20(50).png', 'market', 'N', 0, 'penguin'),
	(251, 'https://j7d103.p.ssafy.io/image/downloadFile/penguin%20(51).png', 'market', 'N', 0, 'penguin'),
	(252, 'https://j7d103.p.ssafy.io/image/downloadFile/penguin%20(52).png', 'market', 'N', 0, 'penguin'),
	(253, 'https://j7d103.p.ssafy.io/image/downloadFile/penguin%20(53).png', 'market', 'N', 0, 'penguin'),
	(254, 'https://j7d103.p.ssafy.io/image/downloadFile/penguin%20(54).png', 'market', 'N', 0, 'penguin'),
	(255, 'https://j7d103.p.ssafy.io/image/downloadFile/penguin%20(55).png', 'market', 'N', 0, 'penguin'),
	(256, 'https://j7d103.p.ssafy.io/image/downloadFile/penguin%20(56).png', 'market', 'N', 0, 'penguin'),
	(257, 'https://j7d103.p.ssafy.io/image/downloadFile/penguin%20(57).png', 'market', 'N', 0, 'penguin'),
	(258, 'https://j7d103.p.ssafy.io/image/downloadFile/penguin%20(58).png', 'market', 'N', 0, 'penguin'),
	(259, 'https://j7d103.p.ssafy.io/image/downloadFile/penguin%20(59).png', 'market', 'N', 0, 'penguin'),
	(260, 'https://j7d103.p.ssafy.io/image/downloadFile/penguin%20(60).png', 'market', 'N', 0, 'penguin'),
	(261, 'https://j7d103.p.ssafy.io/image/downloadFile/penguin%20(61).png', 'market', 'N', 0, 'penguin'),
	(262, 'https://j7d103.p.ssafy.io/image/downloadFile/penguin%20(62).png', 'market', 'N', 0, 'penguin'),
	(263, 'https://j7d103.p.ssafy.io/image/downloadFile/penguin%20(63).png', 'market', 'N', 0, 'penguin'),
	(264, 'https://j7d103.p.ssafy.io/image/downloadFile/penguin%20(64).png', 'market', 'Y', 52, 'penguin'),
	(265, 'https://j7d103.p.ssafy.io/image/downloadFile/penguin%20(65).png', 'market', 'N', 0, 'penguin'),
	(266, 'https://j7d103.p.ssafy.io/image/downloadFile/penguin%20(66).png', 'market', 'N', 0, 'penguin'),
	(267, 'https://j7d103.p.ssafy.io/image/downloadFile/penguin%20(67).png', 'market', 'N', 0, 'penguin'),
	(268, 'https://j7d103.p.ssafy.io/image/downloadFile/penguin%20(68).png', 'market', 'N', 0, 'penguin'),
	(269, 'https://j7d103.p.ssafy.io/image/downloadFile/penguin%20(69).png', 'market', 'N', 0, 'penguin'),
	(270, 'https://j7d103.p.ssafy.io/image/downloadFile/penguin%20(70).png', 'market', 'N', 0, 'penguin'),
	(271, 'https://j7d103.p.ssafy.io/image/downloadFile/penguin%20(71).png', 'market', 'N', 0, 'penguin'),
	(272, 'https://j7d103.p.ssafy.io/image/downloadFile/penguin%20(72).png', 'market', 'N', 0, 'penguin'),
	(273, 'https://j7d103.p.ssafy.io/image/downloadFile/penguin%20(73).png', 'market', 'N', 0, 'penguin'),
	(274, 'https://j7d103.p.ssafy.io/image/downloadFile/penguin%20(74).png', 'market', 'N', 0, 'penguin'),
	(275, 'https://j7d103.p.ssafy.io/image/downloadFile/penguin%20(75).png', 'market', 'N', 0, 'penguin'),
	(276, 'https://j7d103.p.ssafy.io/image/downloadFile/penguin%20(76).png', 'market', 'N', 0, 'penguin'),
	(277, 'https://j7d103.p.ssafy.io/image/downloadFile/penguin%20(77).png', 'market', 'N', 0, 'penguin'),
	(278, 'https://j7d103.p.ssafy.io/image/downloadFile/penguin%20(78).png', 'market', 'N', 0, 'penguin'),
	(279, 'https://j7d103.p.ssafy.io/image/downloadFile/penguin%20(79).png', 'market', 'N', 0, 'penguin'),
	(280, 'https://j7d103.p.ssafy.io/image/downloadFile/penguin%20(80).png', 'market', 'N', 0, 'penguin'),
	(281, 'https://j7d103.p.ssafy.io/image/downloadFile/penguin%20(81).png', 'market', 'N', 0, 'penguin'),
	(282, 'https://j7d103.p.ssafy.io/image/downloadFile/penguin%20(82).png', 'market', 'N', 0, 'penguin'),
	(283, 'https://j7d103.p.ssafy.io/image/downloadFile/penguin%20(83).png', 'market', 'N', 0, 'penguin'),
	(284, 'https://j7d103.p.ssafy.io/image/downloadFile/penguin%20(84).png', 'market', 'N', 0, 'penguin'),
	(285, 'https://j7d103.p.ssafy.io/image/downloadFile/penguin%20(85).png', 'market', 'N', 0, 'penguin'),
	(286, 'https://j7d103.p.ssafy.io/image/downloadFile/penguin%20(86).png', 'market', 'N', 0, 'penguin'),
	(287, 'https://j7d103.p.ssafy.io/image/downloadFile/penguin%20(87).png', 'market', 'N', 0, 'penguin'),
	(288, 'https://j7d103.p.ssafy.io/image/downloadFile/penguin%20(88).png', 'market', 'N', 0, 'penguin'),
	(289, 'https://j7d103.p.ssafy.io/image/downloadFile/penguin%20(89).png', 'market', 'N', 0, 'penguin'),
	(290, 'https://j7d103.p.ssafy.io/image/downloadFile/penguin%20(90).png', 'market', 'N', 0, 'penguin'),
	(291, 'https://j7d103.p.ssafy.io/image/downloadFile/penguin%20(91).png', 'market', 'N', 0, 'penguin'),
	(292, 'https://j7d103.p.ssafy.io/image/downloadFile/penguin%20(92).png', 'market', 'N', 0, 'penguin'),
	(293, 'https://j7d103.p.ssafy.io/image/downloadFile/penguin%20(93).png', 'market', 'N', 0, 'penguin'),
	(294, 'https://j7d103.p.ssafy.io/image/downloadFile/penguin%20(94).png', 'market', 'N', 0, 'penguin'),
	(295, 'https://j7d103.p.ssafy.io/image/downloadFile/penguin%20(95).png', 'market', 'Y', 58, 'penguin'),
	(296, 'https://j7d103.p.ssafy.io/image/downloadFile/penguin%20(96).png', 'market', 'N', 0, 'penguin'),
	(297, 'https://j7d103.p.ssafy.io/image/downloadFile/penguin%20(97).png', 'market', 'N', 0, 'penguin'),
	(298, 'https://j7d103.p.ssafy.io/image/downloadFile/penguin%20(98).png', 'market', 'N', 0, 'penguin'),
	(299, 'https://j7d103.p.ssafy.io/image/downloadFile/penguin%20(99).png', 'market', 'N', 0, 'penguin'),
	(300, 'https://j7d103.p.ssafy.io/image/downloadFile/penguin%20(100).png', 'market', 'N', 0, 'penguin'),
	(301, 'https://j7d103.p.ssafy.io/image/downloadFile/rhino%20(1).png', 'market', 'N', 0, 'rhino'),
	(302, 'https://j7d103.p.ssafy.io/image/downloadFile/rhino%20(2).png', 'market', 'N', 0, 'rhino'),
	(303, 'https://j7d103.p.ssafy.io/image/downloadFile/rhino%20(3).png', 'market', 'N', 0, 'rhino'),
	(304, 'https://j7d103.p.ssafy.io/image/downloadFile/rhino%20(4).png', 'market', 'N', 0, 'rhino'),
	(305, 'https://j7d103.p.ssafy.io/image/downloadFile/rhino%20(5).png', 'market', 'N', 0, 'rhino'),
	(306, 'https://j7d103.p.ssafy.io/image/downloadFile/rhino%20(6).png', 'market', 'N', 0, 'rhino'),
	(307, 'https://j7d103.p.ssafy.io/image/downloadFile/rhino%20(7).png', 'market', 'N', 0, 'rhino'),
	(308, 'https://j7d103.p.ssafy.io/image/downloadFile/rhino%20(8).png', 'market', 'N', 0, 'rhino'),
	(309, 'https://j7d103.p.ssafy.io/image/downloadFile/rhino%20(9).png', 'market', 'N', 0, 'rhino'),
	(310, 'https://j7d103.p.ssafy.io/image/downloadFile/rhino%20(10).png', 'market', 'N', 0, 'rhino'),
	(311, 'https://j7d103.p.ssafy.io/image/downloadFile/rhino%20(11).png', 'market', 'N', 0, 'rhino'),
	(312, 'https://j7d103.p.ssafy.io/image/downloadFile/rhino%20(12).png', 'market', 'N', 0, 'rhino'),
	(313, 'https://j7d103.p.ssafy.io/image/downloadFile/rhino%20(13).png', 'market', 'N', 0, 'rhino'),
	(314, 'https://j7d103.p.ssafy.io/image/downloadFile/rhino%20(14).png', 'market', 'N', 0, 'rhino'),
	(315, 'https://j7d103.p.ssafy.io/image/downloadFile/rhino%20(15).png', 'market', 'N', 0, 'rhino'),
	(316, 'https://j7d103.p.ssafy.io/image/downloadFile/rhino%20(16).png', 'market', 'N', 0, 'rhino'),
	(317, 'https://j7d103.p.ssafy.io/image/downloadFile/rhino%20(17).png', 'market', 'N', 0, 'rhino'),
	(318, 'https://j7d103.p.ssafy.io/image/downloadFile/rhino%20(18).png', 'market', 'N', 0, 'rhino'),
	(319, 'https://j7d103.p.ssafy.io/image/downloadFile/rhino%20(19).png', 'market', 'N', 0, 'rhino'),
	(320, 'https://j7d103.p.ssafy.io/image/downloadFile/rhino%20(20).png', 'market', 'N', 0, 'rhino'),
	(321, 'https://j7d103.p.ssafy.io/image/downloadFile/rhino%20(21).png', 'market', 'N', 0, 'rhino'),
	(322, 'https://j7d103.p.ssafy.io/image/downloadFile/rhino%20(22).png', 'market', 'N', 0, 'rhino'),
	(323, 'https://j7d103.p.ssafy.io/image/downloadFile/rhino%20(23).png', 'market', 'N', 0, 'rhino'),
	(324, 'https://j7d103.p.ssafy.io/image/downloadFile/rhino%20(24).png', 'market', 'Y', 13, 'rhino'),
	(325, 'https://j7d103.p.ssafy.io/image/downloadFile/rhino%20(25).png', 'market', 'N', 0, 'rhino'),
	(326, 'https://j7d103.p.ssafy.io/image/downloadFile/rhino%20(26).png', 'market', 'N', 0, 'rhino'),
	(327, 'https://j7d103.p.ssafy.io/image/downloadFile/rhino%20(27).png', 'market', 'N', 0, 'rhino'),
	(328, 'https://j7d103.p.ssafy.io/image/downloadFile/rhino%20(28).png', 'market', 'N', 0, 'rhino'),
	(329, 'https://j7d103.p.ssafy.io/image/downloadFile/rhino%20(29).png', 'market', 'N', 0, 'rhino'),
	(330, 'https://j7d103.p.ssafy.io/image/downloadFile/rhino%20(30).png', 'market', 'N', 0, 'rhino'),
	(331, 'https://j7d103.p.ssafy.io/image/downloadFile/rhino%20(31).png', 'market', 'N', 0, 'rhino'),
	(332, 'https://j7d103.p.ssafy.io/image/downloadFile/rhino%20(32).png', 'market', 'N', 0, 'rhino'),
	(333, 'https://j7d103.p.ssafy.io/image/downloadFile/rhino%20(33).png', 'market', 'N', 0, 'rhino'),
	(334, 'https://j7d103.p.ssafy.io/image/downloadFile/rhino%20(34).png', 'market', 'N', 0, 'rhino'),
	(335, 'https://j7d103.p.ssafy.io/image/downloadFile/rhino%20(35).png', 'market', 'N', 0, 'rhino'),
	(336, 'https://j7d103.p.ssafy.io/image/downloadFile/rhino%20(36).png', 'market', 'N', 0, 'rhino'),
	(337, 'https://j7d103.p.ssafy.io/image/downloadFile/rhino%20(37).png', 'market', 'N', 0, 'rhino'),
	(338, 'https://j7d103.p.ssafy.io/image/downloadFile/rhino%20(38).png', 'market', 'N', 0, 'rhino'),
	(339, 'https://j7d103.p.ssafy.io/image/downloadFile/rhino%20(39).png', 'market', 'N', 0, 'rhino'),
	(340, 'https://j7d103.p.ssafy.io/image/downloadFile/rhino%20(40).png', 'market', 'N', 0, 'rhino'),
	(341, 'https://j7d103.p.ssafy.io/image/downloadFile/rhino%20(41).png', 'market', 'N', 0, 'rhino'),
	(342, 'https://j7d103.p.ssafy.io/image/downloadFile/rhino%20(42).png', 'market', 'N', 0, 'rhino'),
	(343, 'https://j7d103.p.ssafy.io/image/downloadFile/rhino%20(43).png', 'market', 'N', 0, 'rhino'),
	(344, 'https://j7d103.p.ssafy.io/image/downloadFile/rhino%20(44).png', 'market', 'N', 0, 'rhino'),
	(345, 'https://j7d103.p.ssafy.io/image/downloadFile/rhino%20(45).png', 'market', 'N', 0, 'rhino'),
	(346, 'https://j7d103.p.ssafy.io/image/downloadFile/rhino%20(46).png', 'market', 'N', 0, 'rhino'),
	(347, 'https://j7d103.p.ssafy.io/image/downloadFile/rhino%20(47).png', 'market', 'N', 0, 'rhino'),
	(348, 'https://j7d103.p.ssafy.io/image/downloadFile/rhino%20(48).png', 'market', 'N', 0, 'rhino'),
	(349, 'https://j7d103.p.ssafy.io/image/downloadFile/rhino%20(49).png', 'market', 'N', 0, 'rhino'),
	(350, 'https://j7d103.p.ssafy.io/image/downloadFile/rhino%20(50).png', 'market', 'N', 0, 'rhino'),
	(351, 'https://j7d103.p.ssafy.io/image/downloadFile/rhino%20(51).png', 'market', 'N', 0, 'rhino'),
	(352, 'https://j7d103.p.ssafy.io/image/downloadFile/rhino%20(52).png', 'market', 'N', 0, 'rhino'),
	(353, 'https://j7d103.p.ssafy.io/image/downloadFile/rhino%20(53).png', 'market', 'N', 0, 'rhino'),
	(354, 'https://j7d103.p.ssafy.io/image/downloadFile/rhino%20(54).png', 'market', 'N', 0, 'rhino'),
	(355, 'https://j7d103.p.ssafy.io/image/downloadFile/rhino%20(55).png', 'market', 'N', 0, 'rhino'),
	(356, 'https://j7d103.p.ssafy.io/image/downloadFile/rhino%20(56).png', 'market', 'N', 0, 'rhino'),
	(357, 'https://j7d103.p.ssafy.io/image/downloadFile/rhino%20(57).png', 'market', 'N', 0, 'rhino'),
	(358, 'https://j7d103.p.ssafy.io/image/downloadFile/rhino%20(58).png', 'market', 'N', 0, 'rhino'),
	(359, 'https://j7d103.p.ssafy.io/image/downloadFile/rhino%20(59).png', 'market', 'N', 0, 'rhino'),
	(360, 'https://j7d103.p.ssafy.io/image/downloadFile/rhino%20(60).png', 'market', 'N', 0, 'rhino'),
	(361, 'https://j7d103.p.ssafy.io/image/downloadFile/rhino%20(61).png', 'market', 'N', 0, 'rhino'),
	(362, 'https://j7d103.p.ssafy.io/image/downloadFile/rhino%20(62).png', 'market', 'N', 0, 'rhino'),
	(363, 'https://j7d103.p.ssafy.io/image/downloadFile/rhino%20(63).png', 'market', 'N', 0, 'rhino'),
	(364, 'https://j7d103.p.ssafy.io/image/downloadFile/rhino%20(64).png', 'market', 'N', 0, 'rhino'),
	(365, 'https://j7d103.p.ssafy.io/image/downloadFile/rhino%20(65).png', 'market', 'N', 0, 'rhino'),
	(366, 'https://j7d103.p.ssafy.io/image/downloadFile/rhino%20(66).png', 'market', 'N', 0, 'rhino'),
	(367, 'https://j7d103.p.ssafy.io/image/downloadFile/rhino%20(67).png', 'market', 'N', 0, 'rhino'),
	(368, 'https://j7d103.p.ssafy.io/image/downloadFile/rhino%20(68).png', 'market', 'N', 0, 'rhino'),
	(369, 'https://j7d103.p.ssafy.io/image/downloadFile/rhino%20(69).png', 'market', 'N', 0, 'rhino'),
	(370, 'https://j7d103.p.ssafy.io/image/downloadFile/rhino%20(70).png', 'market', 'N', 0, 'rhino'),
	(371, 'https://j7d103.p.ssafy.io/image/downloadFile/rhino%20(71).png', 'market', 'N', 0, 'rhino'),
	(372, 'https://j7d103.p.ssafy.io/image/downloadFile/rhino%20(72).png', 'market', 'N', 0, 'rhino'),
	(373, 'https://j7d103.p.ssafy.io/image/downloadFile/rhino%20(73).png', 'market', 'N', 0, 'rhino'),
	(374, 'https://j7d103.p.ssafy.io/image/downloadFile/rhino%20(74).png', 'market', 'N', 0, 'rhino'),
	(375, 'https://j7d103.p.ssafy.io/image/downloadFile/rhino%20(75).png', 'market', 'N', 0, 'rhino'),
	(376, 'https://j7d103.p.ssafy.io/image/downloadFile/rhino%20(76).png', 'market', 'N', 0, 'rhino'),
	(377, 'https://j7d103.p.ssafy.io/image/downloadFile/rhino%20(77).png', 'market', 'N', 0, 'rhino'),
	(378, 'https://j7d103.p.ssafy.io/image/downloadFile/rhino%20(78).png', 'market', 'N', 0, 'rhino'),
	(379, 'https://j7d103.p.ssafy.io/image/downloadFile/rhino%20(79).png', 'market', 'N', 0, 'rhino'),
	(380, 'https://j7d103.p.ssafy.io/image/downloadFile/rhino%20(80).png', 'market', 'N', 0, 'rhino'),
	(381, 'https://j7d103.p.ssafy.io/image/downloadFile/rhino%20(81).png', 'market', 'N', 0, 'rhino'),
	(382, 'https://j7d103.p.ssafy.io/image/downloadFile/rhino%20(82).png', 'market', 'N', 0, 'rhino'),
	(383, 'https://j7d103.p.ssafy.io/image/downloadFile/rhino%20(83).png', 'market', 'N', 0, 'rhino'),
	(384, 'https://j7d103.p.ssafy.io/image/downloadFile/rhino%20(84).png', 'market', 'N', 0, 'rhino'),
	(385, 'https://j7d103.p.ssafy.io/image/downloadFile/rhino%20(85).png', 'market', 'N', 0, 'rhino'),
	(386, 'https://j7d103.p.ssafy.io/image/downloadFile/rhino%20(86).png', 'market', 'N', 0, 'rhino'),
	(387, 'https://j7d103.p.ssafy.io/image/downloadFile/rhino%20(87).png', 'market', 'N', 0, 'rhino'),
	(388, 'https://j7d103.p.ssafy.io/image/downloadFile/rhino%20(88).png', 'market', 'N', 0, 'rhino'),
	(389, 'https://j7d103.p.ssafy.io/image/downloadFile/rhino%20(89).png', 'market', 'N', 0, 'rhino'),
	(390, 'https://j7d103.p.ssafy.io/image/downloadFile/rhino%20(90).png', 'market', 'N', 0, 'rhino'),
	(391, 'https://j7d103.p.ssafy.io/image/downloadFile/rhino%20(91).png', 'market', 'N', 0, 'rhino'),
	(392, 'https://j7d103.p.ssafy.io/image/downloadFile/rhino%20(92).png', 'market', 'N', 0, 'rhino'),
	(393, 'https://j7d103.p.ssafy.io/image/downloadFile/rhino%20(93).png', 'market', 'N', 0, 'rhino'),
	(394, 'https://j7d103.p.ssafy.io/image/downloadFile/rhino%20(94).png', 'market', 'N', 0, 'rhino'),
	(395, 'https://j7d103.p.ssafy.io/image/downloadFile/rhino%20(95).png', 'market', 'N', 0, 'rhino'),
	(396, 'https://j7d103.p.ssafy.io/image/downloadFile/rhino%20(96).png', 'market', 'N', 0, 'rhino'),
	(397, 'https://j7d103.p.ssafy.io/image/downloadFile/rhino%20(97).png', 'market', 'N', 0, 'rhino'),
	(398, 'https://j7d103.p.ssafy.io/image/downloadFile/rhino%20(98).png', 'market', 'N', 0, 'rhino'),
	(399, 'https://j7d103.p.ssafy.io/image/downloadFile/rhino%20(99).png', 'market', 'N', 0, 'rhino'),
	(400, 'https://j7d103.p.ssafy.io/image/downloadFile/rhino%20(100).png', 'market', 'Y', 20, 'rhino'),
	(401, 'https://j7d103.p.ssafy.io/image/downloadFile/shark%20(1).png', 'market', 'N', 0, 'shark'),
	(402, 'https://j7d103.p.ssafy.io/image/downloadFile/shark%20(2).png', 'market', 'N', 0, 'shark'),
	(403, 'https://j7d103.p.ssafy.io/image/downloadFile/shark%20(3).png', 'market', 'N', 0, 'shark'),
	(404, 'https://j7d103.p.ssafy.io/image/downloadFile/shark%20(4).png', 'market', 'N', 0, 'shark'),
	(405, 'https://j7d103.p.ssafy.io/image/downloadFile/shark%20(5).png', 'market', 'N', 0, 'shark'),
	(406, 'https://j7d103.p.ssafy.io/image/downloadFile/shark%20(6).png', 'market', 'N', 0, 'shark'),
	(407, 'https://j7d103.p.ssafy.io/image/downloadFile/shark%20(7).png', 'market', 'Y', 55, 'shark'),
	(408, 'https://j7d103.p.ssafy.io/image/downloadFile/shark%20(8).png', 'market', 'Y', 21, 'shark'),
	(409, 'https://j7d103.p.ssafy.io/image/downloadFile/shark%20(9).png', 'market', 'N', 0, 'shark'),
	(410, 'https://j7d103.p.ssafy.io/image/downloadFile/shark%20(10).png', 'market', 'N', 0, 'shark'),
	(411, 'https://j7d103.p.ssafy.io/image/downloadFile/shark%20(11).png', 'market', 'N', 0, 'shark'),
	(412, 'https://j7d103.p.ssafy.io/image/downloadFile/shark%20(12).png', 'market', 'N', 0, 'shark'),
	(413, 'https://j7d103.p.ssafy.io/image/downloadFile/shark%20(13).png', 'market', 'N', 0, 'shark'),
	(414, 'https://j7d103.p.ssafy.io/image/downloadFile/shark%20(14).png', 'market', 'N', 0, 'shark'),
	(415, 'https://j7d103.p.ssafy.io/image/downloadFile/shark%20(15).png', 'market', 'N', 0, 'shark'),
	(416, 'https://j7d103.p.ssafy.io/image/downloadFile/shark%20(16).png', 'market', 'N', 0, 'shark'),
	(417, 'https://j7d103.p.ssafy.io/image/downloadFile/shark%20(17).png', 'market', 'N', 0, 'shark'),
	(418, 'https://j7d103.p.ssafy.io/image/downloadFile/shark%20(18).png', 'market', 'N', 0, 'shark'),
	(419, 'https://j7d103.p.ssafy.io/image/downloadFile/shark%20(19).png', 'market', 'N', 0, 'shark'),
	(420, 'https://j7d103.p.ssafy.io/image/downloadFile/shark%20(20).png', 'market', 'Y', 22, 'shark'),
	(421, 'https://j7d103.p.ssafy.io/image/downloadFile/shark%20(21).png', 'market', 'N', 0, 'shark'),
	(422, 'https://j7d103.p.ssafy.io/image/downloadFile/shark%20(22).png', 'market', 'N', 0, 'shark'),
	(423, 'https://j7d103.p.ssafy.io/image/downloadFile/shark%20(23).png', 'market', 'N', 0, 'shark'),
	(424, 'https://j7d103.p.ssafy.io/image/downloadFile/shark%20(24).png', 'market', 'N', 0, 'shark'),
	(425, 'https://j7d103.p.ssafy.io/image/downloadFile/shark%20(25).png', 'market', 'N', 0, 'shark'),
	(426, 'https://j7d103.p.ssafy.io/image/downloadFile/shark%20(26).png', 'market', 'N', 0, 'shark'),
	(427, 'https://j7d103.p.ssafy.io/image/downloadFile/shark%20(27).png', 'market', 'Y', 75, 'shark'),
	(428, 'https://j7d103.p.ssafy.io/image/downloadFile/shark%20(28).png', 'market', 'N', 0, 'shark'),
	(429, 'https://j7d103.p.ssafy.io/image/downloadFile/shark%20(29).png', 'market', 'N', 0, 'shark'),
	(430, 'https://j7d103.p.ssafy.io/image/downloadFile/shark%20(30).png', 'market', 'N', 0, 'shark'),
	(431, 'https://j7d103.p.ssafy.io/image/downloadFile/shark%20(31).png', 'market', 'N', 0, 'shark'),
	(432, 'https://j7d103.p.ssafy.io/image/downloadFile/shark%20(32).png', 'market', 'N', 0, 'shark'),
	(433, 'https://j7d103.p.ssafy.io/image/downloadFile/shark%20(33).png', 'market', 'N', 0, 'shark'),
	(434, 'https://j7d103.p.ssafy.io/image/downloadFile/shark%20(34).png', 'market', 'Y', 51, 'shark'),
	(435, 'https://j7d103.p.ssafy.io/image/downloadFile/shark%20(35).png', 'market', 'N', 0, 'shark'),
	(436, 'https://j7d103.p.ssafy.io/image/downloadFile/shark%20(36).png', 'market', 'N', 0, 'shark'),
	(437, 'https://j7d103.p.ssafy.io/image/downloadFile/shark%20(37).png', 'market', 'N', 0, 'shark'),
	(438, 'https://j7d103.p.ssafy.io/image/downloadFile/shark%20(38).png', 'market', 'N', 0, 'shark'),
	(439, 'https://j7d103.p.ssafy.io/image/downloadFile/shark%20(39).png', 'market', 'N', 0, 'shark'),
	(440, 'https://j7d103.p.ssafy.io/image/downloadFile/shark%20(40).png', 'market', 'N', 0, 'shark'),
	(441, 'https://j7d103.p.ssafy.io/image/downloadFile/shark%20(41).png', 'market', 'N', 0, 'shark'),
	(442, 'https://j7d103.p.ssafy.io/image/downloadFile/shark%20(42).png', 'market', 'N', 0, 'shark'),
	(443, 'https://j7d103.p.ssafy.io/image/downloadFile/shark%20(43).png', 'market', 'N', 0, 'shark'),
	(444, 'https://j7d103.p.ssafy.io/image/downloadFile/shark%20(44).png', 'market', 'Y', 3, 'shark'),
	(445, 'https://j7d103.p.ssafy.io/image/downloadFile/shark%20(45).png', 'market', 'N', 0, 'shark'),
	(446, 'https://j7d103.p.ssafy.io/image/downloadFile/shark%20(46).png', 'market', 'N', 0, 'shark'),
	(447, 'https://j7d103.p.ssafy.io/image/downloadFile/shark%20(47).png', 'market', 'N', 0, 'shark'),
	(448, 'https://j7d103.p.ssafy.io/image/downloadFile/shark%20(48).png', 'market', 'N', 0, 'shark'),
	(449, 'https://j7d103.p.ssafy.io/image/downloadFile/shark%20(49).png', 'market', 'N', 0, 'shark'),
	(450, 'https://j7d103.p.ssafy.io/image/downloadFile/shark%20(50).png', 'market', 'N', 0, 'shark'),
	(451, 'https://j7d103.p.ssafy.io/image/downloadFile/shark%20(51).png', 'market', 'Y', 57, 'shark'),
	(452, 'https://j7d103.p.ssafy.io/image/downloadFile/shark%20(52).png', 'market', 'N', 0, 'shark'),
	(453, 'https://j7d103.p.ssafy.io/image/downloadFile/shark%20(53).png', 'market', 'N', 0, 'shark'),
	(454, 'https://j7d103.p.ssafy.io/image/downloadFile/shark%20(54).png', 'market', 'N', 0, 'shark'),
	(455, 'https://j7d103.p.ssafy.io/image/downloadFile/shark%20(55).png', 'market', 'N', 0, 'shark'),
	(456, 'https://j7d103.p.ssafy.io/image/downloadFile/shark%20(56).png', 'market', 'N', 0, 'shark'),
	(457, 'https://j7d103.p.ssafy.io/image/downloadFile/shark%20(57).png', 'market', 'N', 0, 'shark'),
	(458, 'https://j7d103.p.ssafy.io/image/downloadFile/shark%20(58).png', 'market', 'N', 0, 'shark'),
	(459, 'https://j7d103.p.ssafy.io/image/downloadFile/shark%20(59).png', 'market', 'N', 0, 'shark'),
	(460, 'https://j7d103.p.ssafy.io/image/downloadFile/shark%20(60).png', 'market', 'N', 0, 'shark'),
	(461, 'https://j7d103.p.ssafy.io/image/downloadFile/shark%20(61).png', 'market', 'N', 0, 'shark'),
	(462, 'https://j7d103.p.ssafy.io/image/downloadFile/shark%20(62).png', 'market', 'N', 0, 'shark'),
	(463, 'https://j7d103.p.ssafy.io/image/downloadFile/shark%20(63).png', 'market', 'N', 0, 'shark'),
	(464, 'https://j7d103.p.ssafy.io/image/downloadFile/shark%20(64).png', 'market', 'N', 0, 'shark'),
	(465, 'https://j7d103.p.ssafy.io/image/downloadFile/shark%20(65).png', 'market', 'N', 0, 'shark'),
	(466, 'https://j7d103.p.ssafy.io/image/downloadFile/shark%20(66).png', 'market', 'N', 0, 'shark'),
	(467, 'https://j7d103.p.ssafy.io/image/downloadFile/shark%20(67).png', 'market', 'N', 0, 'shark'),
	(468, 'https://j7d103.p.ssafy.io/image/downloadFile/shark%20(68).png', 'market', 'N', 0, 'shark'),
	(469, 'https://j7d103.p.ssafy.io/image/downloadFile/shark%20(69).png', 'market', 'N', 0, 'shark'),
	(470, 'https://j7d103.p.ssafy.io/image/downloadFile/shark%20(70).png', 'market', 'N', 0, 'shark'),
	(471, 'https://j7d103.p.ssafy.io/image/downloadFile/shark%20(71).png', 'market', 'N', 0, 'shark'),
	(472, 'https://j7d103.p.ssafy.io/image/downloadFile/shark%20(72).png', 'market', 'N', 0, 'shark'),
	(473, 'https://j7d103.p.ssafy.io/image/downloadFile/shark%20(73).png', 'market', 'N', 0, 'shark'),
	(474, 'https://j7d103.p.ssafy.io/image/downloadFile/shark%20(74).png', 'market', 'N', 0, 'shark'),
	(475, 'https://j7d103.p.ssafy.io/image/downloadFile/shark%20(75).png', 'market', 'N', 0, 'shark'),
	(476, 'https://j7d103.p.ssafy.io/image/downloadFile/shark%20(76).png', 'market', 'N', 0, 'shark'),
	(477, 'https://j7d103.p.ssafy.io/image/downloadFile/shark%20(77).png', 'market', 'N', 0, 'shark'),
	(478, 'https://j7d103.p.ssafy.io/image/downloadFile/shark%20(78).png', 'market', 'N', 0, 'shark'),
	(479, 'https://j7d103.p.ssafy.io/image/downloadFile/shark%20(79).png', 'market', 'N', 0, 'shark'),
	(480, 'https://j7d103.p.ssafy.io/image/downloadFile/shark%20(80).png', 'market', 'N', 0, 'shark'),
	(481, 'https://j7d103.p.ssafy.io/image/downloadFile/shark%20(81).png', 'market', 'N', 0, 'shark'),
	(482, 'https://j7d103.p.ssafy.io/image/downloadFile/shark%20(82).png', 'market', 'N', 0, 'shark'),
	(483, 'https://j7d103.p.ssafy.io/image/downloadFile/shark%20(83).png', 'market', 'N', 0, 'shark'),
	(484, 'https://j7d103.p.ssafy.io/image/downloadFile/shark%20(84).png', 'market', 'N', 0, 'shark'),
	(485, 'https://j7d103.p.ssafy.io/image/downloadFile/shark%20(85).png', 'market', 'N', 0, 'shark'),
	(486, 'https://j7d103.p.ssafy.io/image/downloadFile/shark%20(86).png', 'market', 'N', 0, 'shark'),
	(487, 'https://j7d103.p.ssafy.io/image/downloadFile/shark%20(87).png', 'market', 'N', 0, 'shark'),
	(488, 'https://j7d103.p.ssafy.io/image/downloadFile/shark%20(88).png', 'market', 'N', 0, 'shark'),
	(489, 'https://j7d103.p.ssafy.io/image/downloadFile/shark%20(89).png', 'market', 'N', 0, 'shark'),
	(490, 'https://j7d103.p.ssafy.io/image/downloadFile/shark%20(90).png', 'market', 'N', 0, 'shark'),
	(491, 'https://j7d103.p.ssafy.io/image/downloadFile/shark%20(91).png', 'market', 'N', 0, 'shark'),
	(492, 'https://j7d103.p.ssafy.io/image/downloadFile/shark%20(92).png', 'market', 'N', 0, 'shark'),
	(493, 'https://j7d103.p.ssafy.io/image/downloadFile/shark%20(93).png', 'market', 'N', 0, 'shark'),
	(494, 'https://j7d103.p.ssafy.io/image/downloadFile/shark%20(94).png', 'market', 'N', 0, 'shark'),
	(495, 'https://j7d103.p.ssafy.io/image/downloadFile/shark%20(95).png', 'market', 'N', 0, 'shark'),
	(496, 'https://j7d103.p.ssafy.io/image/downloadFile/shark%20(96).png', 'market', 'N', 0, 'shark'),
	(497, 'https://j7d103.p.ssafy.io/image/downloadFile/shark%20(97).png', 'market', 'N', 0, 'shark'),
	(498, 'https://j7d103.p.ssafy.io/image/downloadFile/shark%20(98).png', 'market', 'Y', 24, 'shark'),
	(499, 'https://j7d103.p.ssafy.io/image/downloadFile/shark%20(99).png', 'market', 'N', 0, 'shark'),
	(500, 'https://j7d103.p.ssafy.io/image/downloadFile/shark%20(100).png', 'market', 'N', 0, 'shark'),
	(501, 'https://j7d103.p.ssafy.io/image/downloadFile/elephant%20(1).png', 'donate', 'Y', 71, 'elephant'),
	(502, 'https://j7d103.p.ssafy.io/image/downloadFile/elephant%20(2).png', 'donate', 'N', 0, 'elephant'),
	(503, 'https://j7d103.p.ssafy.io/image/downloadFile/elephant%20(3).png', 'donate', 'N', 0, 'elephant'),
	(504, 'https://j7d103.p.ssafy.io/image/downloadFile/elephant%20(4).png', 'donate', 'N', 0, 'elephant'),
	(505, 'https://j7d103.p.ssafy.io/image/downloadFile/elephant%20(5).png', 'donate', 'N', 0, 'elephant'),
	(506, 'https://j7d103.p.ssafy.io/image/downloadFile/elephant%20(6).png', 'donate', 'N', 0, 'elephant'),
	(507, 'https://j7d103.p.ssafy.io/image/downloadFile/elephant%20(7).png', 'donate', 'N', 0, 'elephant'),
	(508, 'https://j7d103.p.ssafy.io/image/downloadFile/elephant%20(8).png', 'donate', 'Y', 67, 'elephant'),
	(509, 'https://j7d103.p.ssafy.io/image/downloadFile/elephant%20(9).png', 'donate', 'N', 0, 'elephant'),
	(510, 'https://j7d103.p.ssafy.io/image/downloadFile/elephant%20(10).png', 'donate', 'N', 0, 'elephant'),
	(511, 'https://j7d103.p.ssafy.io/image/downloadFile/elephant%20(11).png', 'donate', 'N', 0, 'elephant'),
	(512, 'https://j7d103.p.ssafy.io/image/downloadFile/elephant%20(12).png', 'donate', 'N', 0, 'elephant'),
	(513, 'https://j7d103.p.ssafy.io/image/downloadFile/elephant%20(13).png', 'donate', 'N', 0, 'elephant'),
	(514, 'https://j7d103.p.ssafy.io/image/downloadFile/elephant%20(14).png', 'donate', 'N', 0, 'elephant'),
	(515, 'https://j7d103.p.ssafy.io/image/downloadFile/elephant%20(15).png', 'donate', 'N', 0, 'elephant'),
	(516, 'https://j7d103.p.ssafy.io/image/downloadFile/elephant%20(16).png', 'donate', 'N', 0, 'elephant'),
	(517, 'https://j7d103.p.ssafy.io/image/downloadFile/elephant%20(17).png', 'donate', 'N', 0, 'elephant'),
	(518, 'https://j7d103.p.ssafy.io/image/downloadFile/elephant%20(18).png', 'donate', 'N', 0, 'elephant'),
	(519, 'https://j7d103.p.ssafy.io/image/downloadFile/elephant%20(19).png', 'donate', 'N', 0, 'elephant'),
	(520, 'https://j7d103.p.ssafy.io/image/downloadFile/elephant%20(20).png', 'donate', 'N', 0, 'elephant'),
	(521, 'https://j7d103.p.ssafy.io/image/downloadFile/elephant%20(21).png', 'donate', 'N', 0, 'elephant'),
	(522, 'https://j7d103.p.ssafy.io/image/downloadFile/elephant%20(22).png', 'donate', 'Y', 18, 'elephant'),
	(523, 'https://j7d103.p.ssafy.io/image/downloadFile/elephant%20(23).png', 'donate', 'N', 0, 'elephant'),
	(524, 'https://j7d103.p.ssafy.io/image/downloadFile/elephant%20(24).png', 'donate', 'Y', 79, 'elephant'),
	(525, 'https://j7d103.p.ssafy.io/image/downloadFile/elephant%20(25).png', 'donate', 'N', 0, 'elephant'),
	(526, 'https://j7d103.p.ssafy.io/image/downloadFile/elephant%20(26).png', 'donate', 'N', 0, 'elephant'),
	(527, 'https://j7d103.p.ssafy.io/image/downloadFile/elephant%20(27).png', 'donate', 'Y', 1, 'elephant'),
	(528, 'https://j7d103.p.ssafy.io/image/downloadFile/elephant%20(28).png', 'donate', 'N', 0, 'elephant'),
	(529, 'https://j7d103.p.ssafy.io/image/downloadFile/elephant%20(29).png', 'donate', 'N', 0, 'elephant'),
	(530, 'https://j7d103.p.ssafy.io/image/downloadFile/elephant%20(30).png', 'donate', 'N', 0, 'elephant'),
	(531, 'https://j7d103.p.ssafy.io/image/downloadFile/elephant%20(31).png', 'donate', 'Y', 63, 'elephant'),
	(532, 'https://j7d103.p.ssafy.io/image/downloadFile/elephant%20(32).png', 'donate', 'N', 0, 'elephant'),
	(533, 'https://j7d103.p.ssafy.io/image/downloadFile/elephant%20(33).png', 'donate', 'Y', 47, 'elephant'),
	(534, 'https://j7d103.p.ssafy.io/image/downloadFile/elephant%20(34).png', 'donate', 'N', 0, 'elephant'),
	(535, 'https://j7d103.p.ssafy.io/image/downloadFile/elephant%20(35).png', 'donate', 'N', 0, 'elephant'),
	(536, 'https://j7d103.p.ssafy.io/image/downloadFile/elephant%20(36).png', 'donate', 'N', 0, 'elephant'),
	(537, 'https://j7d103.p.ssafy.io/image/downloadFile/elephant%20(37).png', 'donate', 'N', 0, 'elephant'),
	(538, 'https://j7d103.p.ssafy.io/image/downloadFile/elephant%20(38).png', 'donate', 'N', 0, 'elephant'),
	(539, 'https://j7d103.p.ssafy.io/image/downloadFile/elephant%20(39).png', 'donate', 'N', 0, 'elephant'),
	(540, 'https://j7d103.p.ssafy.io/image/downloadFile/elephant%20(40).png', 'donate', 'N', 0, 'elephant'),
	(541, 'https://j7d103.p.ssafy.io/image/downloadFile/elephant%20(41).png', 'donate', 'N', 0, 'elephant'),
	(542, 'https://j7d103.p.ssafy.io/image/downloadFile/elephant%20(42).png', 'donate', 'N', 0, 'elephant'),
	(543, 'https://j7d103.p.ssafy.io/image/downloadFile/elephant%20(43).png', 'donate', 'N', 0, 'elephant'),
	(544, 'https://j7d103.p.ssafy.io/image/downloadFile/elephant%20(44).png', 'donate', 'N', 0, 'elephant'),
	(545, 'https://j7d103.p.ssafy.io/image/downloadFile/elephant%20(45).png', 'donate', 'N', 0, 'elephant'),
	(546, 'https://j7d103.p.ssafy.io/image/downloadFile/elephant%20(46).png', 'donate', 'N', 0, 'elephant'),
	(547, 'https://j7d103.p.ssafy.io/image/downloadFile/elephant%20(47).png', 'donate', 'N', 0, 'elephant'),
	(548, 'https://j7d103.p.ssafy.io/image/downloadFile/elephant%20(48).png', 'donate', 'N', 0, 'elephant'),
	(549, 'https://j7d103.p.ssafy.io/image/downloadFile/elephant%20(49).png', 'donate', 'N', 0, 'elephant'),
	(550, 'https://j7d103.p.ssafy.io/image/downloadFile/elephant%20(50).png', 'donate', 'N', 0, 'elephant'),
	(551, 'https://j7d103.p.ssafy.io/image/downloadFile/elephant%20(51).png', 'donate', 'N', 0, 'elephant'),
	(552, 'https://j7d103.p.ssafy.io/image/downloadFile/elephant%20(52).png', 'donate', 'N', 0, 'elephant'),
	(553, 'https://j7d103.p.ssafy.io/image/downloadFile/elephant%20(53).png', 'donate', 'N', 0, 'elephant'),
	(554, 'https://j7d103.p.ssafy.io/image/downloadFile/elephant%20(54).png', 'donate', 'N', 0, 'elephant'),
	(555, 'https://j7d103.p.ssafy.io/image/downloadFile/elephant%20(55).png', 'donate', 'Y', 2, 'elephant'),
	(556, 'https://j7d103.p.ssafy.io/image/downloadFile/elephant%20(56).png', 'donate', 'N', 0, 'elephant'),
	(557, 'https://j7d103.p.ssafy.io/image/downloadFile/elephant%20(57).png', 'donate', 'N', 0, 'elephant'),
	(558, 'https://j7d103.p.ssafy.io/image/downloadFile/elephant%20(58).png', 'donate', 'N', 0, 'elephant'),
	(559, 'https://j7d103.p.ssafy.io/image/downloadFile/elephant%20(59).png', 'donate', 'N', 0, 'elephant'),
	(560, 'https://j7d103.p.ssafy.io/image/downloadFile/elephant%20(60).png', 'donate', 'N', 0, 'elephant'),
	(561, 'https://j7d103.p.ssafy.io/image/downloadFile/elephant%20(61).png', 'donate', 'N', 0, 'elephant'),
	(562, 'https://j7d103.p.ssafy.io/image/downloadFile/elephant%20(62).png', 'donate', 'N', 0, 'elephant'),
	(563, 'https://j7d103.p.ssafy.io/image/downloadFile/elephant%20(63).png', 'donate', 'N', 0, 'elephant'),
	(564, 'https://j7d103.p.ssafy.io/image/downloadFile/elephant%20(64).png', 'donate', 'N', 0, 'elephant'),
	(565, 'https://j7d103.p.ssafy.io/image/downloadFile/elephant%20(65).png', 'donate', 'Y', 76, 'elephant'),
	(566, 'https://j7d103.p.ssafy.io/image/downloadFile/elephant%20(66).png', 'donate', 'Y', 0, 'elephant'),
	(567, 'https://j7d103.p.ssafy.io/image/downloadFile/elephant%20(67).png', 'donate', 'N', 0, 'elephant'),
	(568, 'https://j7d103.p.ssafy.io/image/downloadFile/elephant%20(68).png', 'donate', 'N', 0, 'elephant'),
	(569, 'https://j7d103.p.ssafy.io/image/downloadFile/elephant%20(69).png', 'donate', 'N', 0, 'elephant'),
	(570, 'https://j7d103.p.ssafy.io/image/downloadFile/elephant%20(70).png', 'donate', 'Y', 43, 'elephant'),
	(571, 'https://j7d103.p.ssafy.io/image/downloadFile/elephant%20(71).png', 'donate', 'N', 0, 'elephant'),
	(572, 'https://j7d103.p.ssafy.io/image/downloadFile/elephant%20(72).png', 'donate', 'N', 0, 'elephant'),
	(573, 'https://j7d103.p.ssafy.io/image/downloadFile/elephant%20(73).png', 'donate', 'N', 0, 'elephant'),
	(574, 'https://j7d103.p.ssafy.io/image/downloadFile/elephant%20(74).png', 'donate', 'N', 0, 'elephant'),
	(575, 'https://j7d103.p.ssafy.io/image/downloadFile/elephant%20(75).png', 'donate', 'N', 0, 'elephant'),
	(576, 'https://j7d103.p.ssafy.io/image/downloadFile/elephant%20(76).png', 'donate', 'N', 0, 'elephant'),
	(577, 'https://j7d103.p.ssafy.io/image/downloadFile/elephant%20(77).png', 'donate', 'Y', 45, 'elephant'),
	(578, 'https://j7d103.p.ssafy.io/image/downloadFile/elephant%20(78).png', 'donate', 'Y', 72, 'elephant'),
	(579, 'https://j7d103.p.ssafy.io/image/downloadFile/elephant%20(79).png', 'donate', 'N', 0, 'elephant'),
	(580, 'https://j7d103.p.ssafy.io/image/downloadFile/elephant%20(80).png', 'donate', 'N', 0, 'elephant'),
	(581, 'https://j7d103.p.ssafy.io/image/downloadFile/elephant%20(81).png', 'donate', 'Y', 68, 'elephant'),
	(582, 'https://j7d103.p.ssafy.io/image/downloadFile/elephant%20(82).png', 'donate', 'N', 0, 'elephant'),
	(583, 'https://j7d103.p.ssafy.io/image/downloadFile/elephant%20(83).png', 'donate', 'Y', 80, 'elephant'),
	(584, 'https://j7d103.p.ssafy.io/image/downloadFile/elephant%20(84).png', 'donate', 'Y', 77, 'elephant'),
	(585, 'https://j7d103.p.ssafy.io/image/downloadFile/elephant%20(85).png', 'donate', 'N', 0, 'elephant'),
	(586, 'https://j7d103.p.ssafy.io/image/downloadFile/elephant%20(86).png', 'donate', 'Y', 73, 'elephant'),
	(587, 'https://j7d103.p.ssafy.io/image/downloadFile/elephant%20(87).png', 'donate', 'N', 0, 'elephant'),
	(588, 'https://j7d103.p.ssafy.io/image/downloadFile/elephant%20(88).png', 'donate', 'Y', 50, 'elephant'),
	(589, 'https://j7d103.p.ssafy.io/image/downloadFile/elephant%20(89).png', 'donate', 'N', 0, 'elephant'),
	(590, 'https://j7d103.p.ssafy.io/image/downloadFile/elephant%20(90).png', 'donate', 'Y', 0, 'elephant'),
	(591, 'https://j7d103.p.ssafy.io/image/downloadFile/elephant%20(91).png', 'donate', 'N', 0, 'elephant'),
	(592, 'https://j7d103.p.ssafy.io/image/downloadFile/elephant%20(92).png', 'donate', 'N', 0, 'elephant'),
	(593, 'https://j7d103.p.ssafy.io/image/downloadFile/elephant%20(93).png', 'donate', 'N', 0, 'elephant'),
	(594, 'https://j7d103.p.ssafy.io/image/downloadFile/elephant%20(94).png', 'donate', 'N', 0, 'elephant'),
	(595, 'https://j7d103.p.ssafy.io/image/downloadFile/elephant%20(95).png', 'donate', 'N', 0, 'elephant'),
	(596, 'https://j7d103.p.ssafy.io/image/downloadFile/elephant%20(96).png', 'donate', 'N', 0, 'elephant'),
	(597, 'https://j7d103.p.ssafy.io/image/downloadFile/elephant%20(97).png', 'donate', 'N', 0, 'elephant'),
	(598, 'https://j7d103.p.ssafy.io/image/downloadFile/elephant%20(98).png', 'donate', 'N', 0, 'elephant'),
	(599, 'https://j7d103.p.ssafy.io/image/downloadFile/elephant%20(99).png', 'donate', 'N', 0, 'elephant'),
	(600, 'https://j7d103.p.ssafy.io/image/downloadFile/elephant%20(100).png', 'donate', 'N', 0, 'elephant'),
	(601, 'https://j7d103.p.ssafy.io/image/downloadFile/frog%20(1).png', 'donate', 'N', 0, 'frog'),
	(602, 'https://j7d103.p.ssafy.io/image/downloadFile/frog%20(2).png', 'donate', 'N', 0, 'frog'),
	(603, 'https://j7d103.p.ssafy.io/image/downloadFile/frog%20(3).png', 'donate', 'N', 0, 'frog'),
	(604, 'https://j7d103.p.ssafy.io/image/downloadFile/frog%20(4).png', 'donate', 'Y', 81, 'frog'),
	(605, 'https://j7d103.p.ssafy.io/image/downloadFile/frog%20(5).png', 'donate', 'N', 0, 'frog'),
	(606, 'https://j7d103.p.ssafy.io/image/downloadFile/frog%20(6).png', 'donate', 'N', 0, 'frog'),
	(607, 'https://j7d103.p.ssafy.io/image/downloadFile/frog%20(7).png', 'donate', 'N', 0, 'frog'),
	(608, 'https://j7d103.p.ssafy.io/image/downloadFile/frog%20(8).png', 'donate', 'N', 0, 'frog'),
	(609, 'https://j7d103.p.ssafy.io/image/downloadFile/frog%20(9).png', 'donate', 'N', 0, 'frog'),
	(610, 'https://j7d103.p.ssafy.io/image/downloadFile/frog%20(10).png', 'donate', 'N', 0, 'frog'),
	(611, 'https://j7d103.p.ssafy.io/image/downloadFile/frog%20(11).png', 'donate', 'Y', 0, 'frog'),
	(612, 'https://j7d103.p.ssafy.io/image/downloadFile/frog%20(12).png', 'donate', 'N', 0, 'frog'),
	(613, 'https://j7d103.p.ssafy.io/image/downloadFile/frog%20(13).png', 'donate', 'N', 0, 'frog'),
	(614, 'https://j7d103.p.ssafy.io/image/downloadFile/frog%20(14).png', 'donate', 'N', 0, 'frog'),
	(615, 'https://j7d103.p.ssafy.io/image/downloadFile/frog%20(15).png', 'donate', 'N', 0, 'frog'),
	(616, 'https://j7d103.p.ssafy.io/image/downloadFile/frog%20(16).png', 'donate', 'N', 0, 'frog'),
	(617, 'https://j7d103.p.ssafy.io/image/downloadFile/frog%20(17).png', 'donate', 'N', 0, 'frog'),
	(618, 'https://j7d103.p.ssafy.io/image/downloadFile/frog%20(18).png', 'donate', 'N', 0, 'frog'),
	(619, 'https://j7d103.p.ssafy.io/image/downloadFile/frog%20(19).png', 'donate', 'N', 0, 'frog'),
	(620, 'https://j7d103.p.ssafy.io/image/downloadFile/frog%20(20).png', 'donate', 'N', 0, 'frog'),
	(621, 'https://j7d103.p.ssafy.io/image/downloadFile/frog%20(21).png', 'donate', 'N', 0, 'frog'),
	(622, 'https://j7d103.p.ssafy.io/image/downloadFile/frog%20(22).png', 'donate', 'N', 0, 'frog'),
	(623, 'https://j7d103.p.ssafy.io/image/downloadFile/frog%20(23).png', 'donate', 'N', 0, 'frog'),
	(624, 'https://j7d103.p.ssafy.io/image/downloadFile/frog%20(24).png', 'donate', 'Y', 12, 'frog'),
	(625, 'https://j7d103.p.ssafy.io/image/downloadFile/frog%20(25).png', 'donate', 'N', 0, 'frog'),
	(626, 'https://j7d103.p.ssafy.io/image/downloadFile/frog%20(26).png', 'donate', 'N', 0, 'frog'),
	(627, 'https://j7d103.p.ssafy.io/image/downloadFile/frog%20(27).png', 'donate', 'Y', 59, 'frog'),
	(628, 'https://j7d103.p.ssafy.io/image/downloadFile/frog%20(28).png', 'donate', 'N', 0, 'frog'),
	(629, 'https://j7d103.p.ssafy.io/image/downloadFile/frog%20(29).png', 'donate', 'N', 0, 'frog'),
	(630, 'https://j7d103.p.ssafy.io/image/downloadFile/frog%20(30).png', 'donate', 'N', 0, 'frog'),
	(631, 'https://j7d103.p.ssafy.io/image/downloadFile/frog%20(31).png', 'donate', 'N', 0, 'frog'),
	(632, 'https://j7d103.p.ssafy.io/image/downloadFile/frog%20(32).png', 'donate', 'N', 0, 'frog'),
	(633, 'https://j7d103.p.ssafy.io/image/downloadFile/frog%20(33).png', 'donate', 'Y', 0, 'frog'),
	(634, 'https://j7d103.p.ssafy.io/image/downloadFile/frog%20(34).png', 'donate', 'N', 0, 'frog'),
	(635, 'https://j7d103.p.ssafy.io/image/downloadFile/frog%20(35).png', 'donate', 'N', 0, 'frog'),
	(636, 'https://j7d103.p.ssafy.io/image/downloadFile/frog%20(36).png', 'donate', 'N', 0, 'frog'),
	(637, 'https://j7d103.p.ssafy.io/image/downloadFile/frog%20(37).png', 'donate', 'N', 0, 'frog'),
	(638, 'https://j7d103.p.ssafy.io/image/downloadFile/frog%20(38).png', 'donate', 'N', 0, 'frog'),
	(639, 'https://j7d103.p.ssafy.io/image/downloadFile/frog%20(39).png', 'donate', 'N', 0, 'frog'),
	(640, 'https://j7d103.p.ssafy.io/image/downloadFile/frog%20(40).png', 'donate', 'N', 0, 'frog'),
	(641, 'https://j7d103.p.ssafy.io/image/downloadFile/frog%20(41).png', 'donate', 'N', 0, 'frog'),
	(642, 'https://j7d103.p.ssafy.io/image/downloadFile/frog%20(42).png', 'donate', 'N', 0, 'frog'),
	(643, 'https://j7d103.p.ssafy.io/image/downloadFile/frog%20(43).png', 'donate', 'N', 0, 'frog'),
	(644, 'https://j7d103.p.ssafy.io/image/downloadFile/frog%20(44).png', 'donate', 'N', 0, 'frog'),
	(645, 'https://j7d103.p.ssafy.io/image/downloadFile/frog%20(45).png', 'donate', 'N', 0, 'frog'),
	(646, 'https://j7d103.p.ssafy.io/image/downloadFile/frog%20(46).png', 'donate', 'N', 0, 'frog'),
	(647, 'https://j7d103.p.ssafy.io/image/downloadFile/frog%20(47).png', 'donate', 'N', 0, 'frog'),
	(648, 'https://j7d103.p.ssafy.io/image/downloadFile/frog%20(48).png', 'donate', 'Y', 84, 'frog'),
	(649, 'https://j7d103.p.ssafy.io/image/downloadFile/frog%20(49).png', 'donate', 'N', 0, 'frog'),
	(650, 'https://j7d103.p.ssafy.io/image/downloadFile/frog%20(50).png', 'donate', 'N', 0, 'frog'),
	(651, 'https://j7d103.p.ssafy.io/image/downloadFile/frog%20(51).png', 'donate', 'N', 0, 'frog'),
	(652, 'https://j7d103.p.ssafy.io/image/downloadFile/frog%20(52).png', 'donate', 'N', 0, 'frog'),
	(653, 'https://j7d103.p.ssafy.io/image/downloadFile/frog%20(53).png', 'donate', 'N', 0, 'frog'),
	(654, 'https://j7d103.p.ssafy.io/image/downloadFile/frog%20(54).png', 'donate', 'N', 0, 'frog'),
	(655, 'https://j7d103.p.ssafy.io/image/downloadFile/frog%20(55).png', 'donate', 'N', 0, 'frog'),
	(656, 'https://j7d103.p.ssafy.io/image/downloadFile/frog%20(56).png', 'donate', 'N', 0, 'frog'),
	(657, 'https://j7d103.p.ssafy.io/image/downloadFile/frog%20(57).png', 'donate', 'Y', 5, 'frog'),
	(658, 'https://j7d103.p.ssafy.io/image/downloadFile/frog%20(58).png', 'donate', 'N', 0, 'frog'),
	(659, 'https://j7d103.p.ssafy.io/image/downloadFile/frog%20(59).png', 'donate', 'Y', 0, 'frog'),
	(660, 'https://j7d103.p.ssafy.io/image/downloadFile/frog%20(60).png', 'donate', 'N', 0, 'frog'),
	(661, 'https://j7d103.p.ssafy.io/image/downloadFile/frog%20(61).png', 'donate', 'N', 0, 'frog'),
	(662, 'https://j7d103.p.ssafy.io/image/downloadFile/frog%20(62).png', 'donate', 'N', 0, 'frog'),
	(663, 'https://j7d103.p.ssafy.io/image/downloadFile/frog%20(63).png', 'donate', 'N', 0, 'frog'),
	(664, 'https://j7d103.p.ssafy.io/image/downloadFile/frog%20(64).png', 'donate', 'N', 0, 'frog'),
	(665, 'https://j7d103.p.ssafy.io/image/downloadFile/frog%20(65).png', 'donate', 'N', 0, 'frog'),
	(666, 'https://j7d103.p.ssafy.io/image/downloadFile/frog%20(66).png', 'donate', 'N', 0, 'frog'),
	(667, 'https://j7d103.p.ssafy.io/image/downloadFile/frog%20(67).png', 'donate', 'N', 0, 'frog'),
	(668, 'https://j7d103.p.ssafy.io/image/downloadFile/frog%20(68).png', 'donate', 'N', 0, 'frog'),
	(669, 'https://j7d103.p.ssafy.io/image/downloadFile/frog%20(69).png', 'donate', 'Y', 70, 'frog'),
	(670, 'https://j7d103.p.ssafy.io/image/downloadFile/frog%20(70).png', 'donate', 'N', 0, 'frog'),
	(671, 'https://j7d103.p.ssafy.io/image/downloadFile/frog%20(71).png', 'donate', 'N', 0, 'frog'),
	(672, 'https://j7d103.p.ssafy.io/image/downloadFile/frog%20(72).png', 'donate', 'N', 0, 'frog'),
	(673, 'https://j7d103.p.ssafy.io/image/downloadFile/frog%20(73).png', 'donate', 'N', 0, 'frog'),
	(674, 'https://j7d103.p.ssafy.io/image/downloadFile/frog%20(74).png', 'donate', 'N', 0, 'frog'),
	(675, 'https://j7d103.p.ssafy.io/image/downloadFile/frog%20(75).png', 'donate', 'Y', 65, 'frog'),
	(676, 'https://j7d103.p.ssafy.io/image/downloadFile/frog%20(76).png', 'donate', 'N', 0, 'frog'),
	(677, 'https://j7d103.p.ssafy.io/image/downloadFile/frog%20(77).png', 'donate', 'N', 0, 'frog'),
	(678, 'https://j7d103.p.ssafy.io/image/downloadFile/frog%20(78).png', 'donate', 'N', 0, 'frog'),
	(679, 'https://j7d103.p.ssafy.io/image/downloadFile/frog%20(79).png', 'donate', 'N', 0, 'frog'),
	(680, 'https://j7d103.p.ssafy.io/image/downloadFile/frog%20(80).png', 'donate', 'N', 0, 'frog'),
	(681, 'https://j7d103.p.ssafy.io/image/downloadFile/frog%20(81).png', 'donate', 'N', 0, 'frog'),
	(682, 'https://j7d103.p.ssafy.io/image/downloadFile/frog%20(82).png', 'donate', 'N', 0, 'frog'),
	(683, 'https://j7d103.p.ssafy.io/image/downloadFile/frog%20(83).png', 'donate', 'N', 0, 'frog'),
	(684, 'https://j7d103.p.ssafy.io/image/downloadFile/frog%20(84).png', 'donate', 'N', 0, 'frog'),
	(685, 'https://j7d103.p.ssafy.io/image/downloadFile/frog%20(85).png', 'donate', 'N', 0, 'frog'),
	(686, 'https://j7d103.p.ssafy.io/image/downloadFile/frog%20(86).png', 'donate', 'Y', 44, 'frog'),
	(687, 'https://j7d103.p.ssafy.io/image/downloadFile/frog%20(87).png', 'donate', 'N', 0, 'frog'),
	(688, 'https://j7d103.p.ssafy.io/image/downloadFile/frog%20(88).png', 'donate', 'Y', 66, 'frog'),
	(689, 'https://j7d103.p.ssafy.io/image/downloadFile/frog%20(89).png', 'donate', 'Y', 48, 'frog'),
	(690, 'https://j7d103.p.ssafy.io/image/downloadFile/frog%20(90).png', 'donate', 'N', 0, 'frog'),
	(691, 'https://j7d103.p.ssafy.io/image/downloadFile/frog%20(91).png', 'donate', 'N', 0, 'frog'),
	(692, 'https://j7d103.p.ssafy.io/image/downloadFile/frog%20(92).png', 'donate', 'N', 0, 'frog'),
	(693, 'https://j7d103.p.ssafy.io/image/downloadFile/frog%20(93).png', 'donate', 'N', 0, 'frog'),
	(694, 'https://j7d103.p.ssafy.io/image/downloadFile/frog%20(94).png', 'donate', 'N', 0, 'frog'),
	(695, 'https://j7d103.p.ssafy.io/image/downloadFile/frog%20(95).png', 'donate', 'Y', 0, 'frog'),
	(696, 'https://j7d103.p.ssafy.io/image/downloadFile/frog%20(96).png', 'donate', 'Y', 40, 'frog'),
	(697, 'https://j7d103.p.ssafy.io/image/downloadFile/frog%20(97).png', 'donate', 'N', 0, 'frog'),
	(698, 'https://j7d103.p.ssafy.io/image/downloadFile/frog%20(98).png', 'donate', 'N', 0, 'frog'),
	(699, 'https://j7d103.p.ssafy.io/image/downloadFile/frog%20(99).png', 'donate', 'N', 0, 'frog'),
	(700, 'https://j7d103.p.ssafy.io/image/downloadFile/frog%20(100).png', 'donate', 'N', 0, 'frog'),
	(701, 'https://j7d103.p.ssafy.io/image/downloadFile/tiger%20(1).png', 'donate', 'N', 0, 'tiger'),
	(702, 'https://j7d103.p.ssafy.io/image/downloadFile/tiger%20(2).png', 'donate', 'N', 0, 'tiger'),
	(703, 'https://j7d103.p.ssafy.io/image/downloadFile/tiger%20(3).png', 'donate', 'N', 0, 'tiger'),
	(704, 'https://j7d103.p.ssafy.io/image/downloadFile/tiger%20(4).png', 'donate', 'Y', 62, 'tiger'),
	(705, 'https://j7d103.p.ssafy.io/image/downloadFile/tiger%20(5).png', 'donate', 'N', 0, 'tiger'),
	(706, 'https://j7d103.p.ssafy.io/image/downloadFile/tiger%20(6).png', 'donate', 'N', 0, 'tiger'),
	(707, 'https://j7d103.p.ssafy.io/image/downloadFile/tiger%20(7).png', 'donate', 'N', 0, 'tiger'),
	(708, 'https://j7d103.p.ssafy.io/image/downloadFile/tiger%20(8).png', 'donate', 'N', 0, 'tiger'),
	(709, 'https://j7d103.p.ssafy.io/image/downloadFile/tiger%20(9).png', 'donate', 'N', 0, 'tiger'),
	(710, 'https://j7d103.p.ssafy.io/image/downloadFile/tiger%20(10).png', 'donate', 'N', 0, 'tiger'),
	(711, 'https://j7d103.p.ssafy.io/image/downloadFile/tiger%20(11).png', 'donate', 'N', 0, 'tiger'),
	(712, 'https://j7d103.p.ssafy.io/image/downloadFile/tiger%20(12).png', 'donate', 'N', 0, 'tiger'),
	(713, 'https://j7d103.p.ssafy.io/image/downloadFile/tiger%20(13).png', 'donate', 'N', 0, 'tiger'),
	(714, 'https://j7d103.p.ssafy.io/image/downloadFile/tiger%20(14).png', 'donate', 'N', 0, 'tiger'),
	(715, 'https://j7d103.p.ssafy.io/image/downloadFile/tiger%20(15).png', 'donate', 'N', 0, 'tiger'),
	(716, 'https://j7d103.p.ssafy.io/image/downloadFile/tiger%20(16).png', 'donate', 'N', 0, 'tiger'),
	(717, 'https://j7d103.p.ssafy.io/image/downloadFile/tiger%20(17).png', 'donate', 'N', 0, 'tiger'),
	(718, 'https://j7d103.p.ssafy.io/image/downloadFile/tiger%20(18).png', 'donate', 'Y', 41, 'tiger'),
	(719, 'https://j7d103.p.ssafy.io/image/downloadFile/tiger%20(19).png', 'donate', 'N', 0, 'tiger'),
	(720, 'https://j7d103.p.ssafy.io/image/downloadFile/tiger%20(20).png', 'donate', 'N', 0, 'tiger'),
	(721, 'https://j7d103.p.ssafy.io/image/downloadFile/tiger%20(21).png', 'donate', 'N', 0, 'tiger'),
	(722, 'https://j7d103.p.ssafy.io/image/downloadFile/tiger%20(22).png', 'donate', 'N', 0, 'tiger'),
	(723, 'https://j7d103.p.ssafy.io/image/downloadFile/tiger%20(23).png', 'donate', 'N', 0, 'tiger'),
	(724, 'https://j7d103.p.ssafy.io/image/downloadFile/tiger%20(24).png', 'donate', 'N', 0, 'tiger'),
	(725, 'https://j7d103.p.ssafy.io/image/downloadFile/tiger%20(25).png', 'donate', 'N', 0, 'tiger'),
	(726, 'https://j7d103.p.ssafy.io/image/downloadFile/tiger%20(26).png', 'donate', 'N', 0, 'tiger'),
	(727, 'https://j7d103.p.ssafy.io/image/downloadFile/tiger%20(27).png', 'donate', 'N', 0, 'tiger'),
	(728, 'https://j7d103.p.ssafy.io/image/downloadFile/tiger%20(28).png', 'donate', 'N', 0, 'tiger'),
	(729, 'https://j7d103.p.ssafy.io/image/downloadFile/tiger%20(29).png', 'donate', 'N', 0, 'tiger'),
	(730, 'https://j7d103.p.ssafy.io/image/downloadFile/tiger%20(30).png', 'donate', 'N', 0, 'tiger'),
	(731, 'https://j7d103.p.ssafy.io/image/downloadFile/tiger%20(31).png', 'donate', 'N', 0, 'tiger'),
	(732, 'https://j7d103.p.ssafy.io/image/downloadFile/tiger%20(32).png', 'donate', 'Y', 0, 'tiger'),
	(733, 'https://j7d103.p.ssafy.io/image/downloadFile/tiger%20(33).png', 'donate', 'N', 0, 'tiger'),
	(734, 'https://j7d103.p.ssafy.io/image/downloadFile/tiger%20(34).png', 'donate', 'N', 0, 'tiger'),
	(735, 'https://j7d103.p.ssafy.io/image/downloadFile/tiger%20(35).png', 'donate', 'N', 0, 'tiger'),
	(736, 'https://j7d103.p.ssafy.io/image/downloadFile/tiger%20(36).png', 'donate', 'N', 0, 'tiger'),
	(737, 'https://j7d103.p.ssafy.io/image/downloadFile/tiger%20(37).png', 'donate', 'N', 0, 'tiger'),
	(738, 'https://j7d103.p.ssafy.io/image/downloadFile/tiger%20(38).png', 'donate', 'N', 0, 'tiger'),
	(739, 'https://j7d103.p.ssafy.io/image/downloadFile/tiger%20(39).png', 'donate', 'N', 0, 'tiger'),
	(740, 'https://j7d103.p.ssafy.io/image/downloadFile/tiger%20(40).png', 'donate', 'N', 0, 'tiger'),
	(741, 'https://j7d103.p.ssafy.io/image/downloadFile/tiger%20(41).png', 'donate', 'N', 0, 'tiger'),
	(742, 'https://j7d103.p.ssafy.io/image/downloadFile/tiger%20(42).png', 'donate', 'N', 0, 'tiger'),
	(743, 'https://j7d103.p.ssafy.io/image/downloadFile/tiger%20(43).png', 'donate', 'N', 0, 'tiger'),
	(744, 'https://j7d103.p.ssafy.io/image/downloadFile/tiger%20(44).png', 'donate', 'N', 0, 'tiger'),
	(745, 'https://j7d103.p.ssafy.io/image/downloadFile/tiger%20(45).png', 'donate', 'N', 0, 'tiger'),
	(746, 'https://j7d103.p.ssafy.io/image/downloadFile/tiger%20(46).png', 'donate', 'N', 0, 'tiger'),
	(747, 'https://j7d103.p.ssafy.io/image/downloadFile/tiger%20(47).png', 'donate', 'N', 0, 'tiger'),
	(748, 'https://j7d103.p.ssafy.io/image/downloadFile/tiger%20(48).png', 'donate', 'N', 0, 'tiger'),
	(749, 'https://j7d103.p.ssafy.io/image/downloadFile/tiger%20(49).png', 'donate', 'N', 0, 'tiger'),
	(750, 'https://j7d103.p.ssafy.io/image/downloadFile/tiger%20(50).png', 'donate', 'N', 0, 'tiger'),
	(751, 'https://j7d103.p.ssafy.io/image/downloadFile/tiger%20(51).png', 'donate', 'N', 0, 'tiger'),
	(752, 'https://j7d103.p.ssafy.io/image/downloadFile/tiger%20(52).png', 'donate', 'N', 0, 'tiger'),
	(753, 'https://j7d103.p.ssafy.io/image/downloadFile/tiger%20(53).png', 'donate', 'N', 0, 'tiger'),
	(754, 'https://j7d103.p.ssafy.io/image/downloadFile/tiger%20(54).png', 'donate', 'N', 0, 'tiger'),
	(755, 'https://j7d103.p.ssafy.io/image/downloadFile/tiger%20(55).png', 'donate', 'N', 0, 'tiger'),
	(756, 'https://j7d103.p.ssafy.io/image/downloadFile/tiger%20(56).png', 'donate', 'N', 0, 'tiger'),
	(757, 'https://j7d103.p.ssafy.io/image/downloadFile/tiger%20(57).png', 'donate', 'N', 0, 'tiger'),
	(758, 'https://j7d103.p.ssafy.io/image/downloadFile/tiger%20(58).png', 'donate', 'N', 0, 'tiger'),
	(759, 'https://j7d103.p.ssafy.io/image/downloadFile/tiger%20(59).png', 'donate', 'N', 0, 'tiger'),
	(760, 'https://j7d103.p.ssafy.io/image/downloadFile/tiger%20(60).png', 'donate', 'N', 0, 'tiger'),
	(761, 'https://j7d103.p.ssafy.io/image/downloadFile/tiger%20(61).png', 'donate', 'N', 0, 'tiger'),
	(762, 'https://j7d103.p.ssafy.io/image/downloadFile/tiger%20(62).png', 'donate', 'N', 0, 'tiger'),
	(763, 'https://j7d103.p.ssafy.io/image/downloadFile/tiger%20(63).png', 'donate', 'N', 0, 'tiger'),
	(764, 'https://j7d103.p.ssafy.io/image/downloadFile/tiger%20(64).png', 'donate', 'N', 0, 'tiger'),
	(765, 'https://j7d103.p.ssafy.io/image/downloadFile/tiger%20(65).png', 'donate', 'N', 0, 'tiger'),
	(766, 'https://j7d103.p.ssafy.io/image/downloadFile/tiger%20(66).png', 'donate', 'N', 0, 'tiger'),
	(767, 'https://j7d103.p.ssafy.io/image/downloadFile/tiger%20(67).png', 'donate', 'N', 0, 'tiger'),
	(768, 'https://j7d103.p.ssafy.io/image/downloadFile/tiger%20(68).png', 'donate', 'N', 0, 'tiger'),
	(769, 'https://j7d103.p.ssafy.io/image/downloadFile/tiger%20(69).png', 'donate', 'Y', 0, 'tiger'),
	(770, 'https://j7d103.p.ssafy.io/image/downloadFile/tiger%20(70).png', 'donate', 'N', 0, 'tiger'),
	(771, 'https://j7d103.p.ssafy.io/image/downloadFile/tiger%20(71).png', 'donate', 'N', 0, 'tiger'),
	(772, 'https://j7d103.p.ssafy.io/image/downloadFile/tiger%20(72).png', 'donate', 'N', 0, 'tiger'),
	(773, 'https://j7d103.p.ssafy.io/image/downloadFile/tiger%20(73).png', 'donate', 'Y', 78, 'tiger'),
	(774, 'https://j7d103.p.ssafy.io/image/downloadFile/tiger%20(74).png', 'donate', 'N', 0, 'tiger'),
	(775, 'https://j7d103.p.ssafy.io/image/downloadFile/tiger%20(75).png', 'donate', 'Y', 0, 'tiger'),
	(776, 'https://j7d103.p.ssafy.io/image/downloadFile/tiger%20(76).png', 'donate', 'N', 0, 'tiger'),
	(777, 'https://j7d103.p.ssafy.io/image/downloadFile/tiger%20(77).png', 'donate', 'Y', 4, 'tiger'),
	(778, 'https://j7d103.p.ssafy.io/image/downloadFile/tiger%20(78).png', 'donate', 'N', 0, 'tiger'),
	(779, 'https://j7d103.p.ssafy.io/image/downloadFile/tiger%20(79).png', 'donate', 'N', 0, 'tiger'),
	(780, 'https://j7d103.p.ssafy.io/image/downloadFile/tiger%20(80).png', 'donate', 'N', 0, 'tiger'),
	(781, 'https://j7d103.p.ssafy.io/image/downloadFile/tiger%20(81).png', 'donate', 'Y', 83, 'tiger'),
	(782, 'https://j7d103.p.ssafy.io/image/downloadFile/tiger%20(82).png', 'donate', 'N', 0, 'tiger'),
	(783, 'https://j7d103.p.ssafy.io/image/downloadFile/tiger%20(83).png', 'donate', 'Y', 42, 'tiger'),
	(784, 'https://j7d103.p.ssafy.io/image/downloadFile/tiger%20(84).png', 'donate', 'N', 0, 'tiger'),
	(785, 'https://j7d103.p.ssafy.io/image/downloadFile/tiger%20(85).png', 'donate', 'N', 0, 'tiger'),
	(786, 'https://j7d103.p.ssafy.io/image/downloadFile/tiger%20(86).png', 'donate', 'N', 0, 'tiger'),
	(787, 'https://j7d103.p.ssafy.io/image/downloadFile/tiger%20(87).png', 'donate', 'N', 0, 'tiger'),
	(788, 'https://j7d103.p.ssafy.io/image/downloadFile/tiger%20(88).png', 'donate', 'Y', 39, 'tiger'),
	(789, 'https://j7d103.p.ssafy.io/image/downloadFile/tiger%20(89).png', 'donate', 'N', 0, 'tiger'),
	(790, 'https://j7d103.p.ssafy.io/image/downloadFile/tiger%20(90).png', 'donate', 'N', 0, 'tiger'),
	(791, 'https://j7d103.p.ssafy.io/image/downloadFile/tiger%20(91).png', 'donate', 'N', 0, 'tiger'),
	(792, 'https://j7d103.p.ssafy.io/image/downloadFile/tiger%20(92).png', 'donate', 'N', 0, 'tiger'),
	(793, 'https://j7d103.p.ssafy.io/image/downloadFile/tiger%20(93).png', 'donate', 'N', 0, 'tiger'),
	(794, 'https://j7d103.p.ssafy.io/image/downloadFile/tiger%20(94).png', 'donate', 'N', 0, 'tiger'),
	(795, 'https://j7d103.p.ssafy.io/image/downloadFile/tiger%20(95).png', 'donate', 'N', 0, 'tiger'),
	(796, 'https://j7d103.p.ssafy.io/image/downloadFile/tiger%20(96).png', 'donate', 'N', 0, 'tiger'),
	(797, 'https://j7d103.p.ssafy.io/image/downloadFile/tiger%20(97).png', 'donate', 'N', 0, 'tiger'),
	(798, 'https://j7d103.p.ssafy.io/image/downloadFile/tiger%20(98).png', 'donate', 'N', 0, 'tiger'),
	(799, 'https://j7d103.p.ssafy.io/image/downloadFile/tiger%20(99).png', 'donate', 'N', 0, 'tiger'),
	(800, 'https://j7d103.p.ssafy.io/image/downloadFile/tiger%20(100).png', 'donate', 'Y', 46, 'tiger'),
	(801, 'https://j7d103.p.ssafy.io/image/downloadFile/bird%20(1).png', 'donate', 'N', 0, 'bird'),
	(802, 'https://j7d103.p.ssafy.io/image/downloadFile/bird%20(2).png', 'donate', 'N', 0, 'bird'),
	(803, 'https://j7d103.p.ssafy.io/image/downloadFile/bird%20(3).png', 'donate', 'N', 0, 'bird'),
	(804, 'https://j7d103.p.ssafy.io/image/downloadFile/bird%20(4).png', 'donate', 'N', 0, 'bird'),
	(805, 'https://j7d103.p.ssafy.io/image/downloadFile/bird%20(5).png', 'donate', 'N', 0, 'bird'),
	(806, 'https://j7d103.p.ssafy.io/image/downloadFile/bird%20(6).png', 'donate', 'N', 0, 'bird'),
	(807, 'https://j7d103.p.ssafy.io/image/downloadFile/bird%20(7).png', 'donate', 'N', 0, 'bird'),
	(808, 'https://j7d103.p.ssafy.io/image/downloadFile/bird%20(8).png', 'donate', 'N', 0, 'bird'),
	(809, 'https://j7d103.p.ssafy.io/image/downloadFile/bird%20(9).png', 'donate', 'Y', 69, 'bird'),
	(810, 'https://j7d103.p.ssafy.io/image/downloadFile/bird%20(10).png', 'donate', 'N', 0, 'bird'),
	(811, 'https://j7d103.p.ssafy.io/image/downloadFile/bird%20(11).png', 'donate', 'N', 0, 'bird'),
	(812, 'https://j7d103.p.ssafy.io/image/downloadFile/bird%20(12).png', 'donate', 'N', 0, 'bird'),
	(813, 'https://j7d103.p.ssafy.io/image/downloadFile/bird%20(13).png', 'donate', 'N', 0, 'bird'),
	(814, 'https://j7d103.p.ssafy.io/image/downloadFile/bird%20(14).png', 'donate', 'N', 0, 'bird'),
	(815, 'https://j7d103.p.ssafy.io/image/downloadFile/bird%20(15).png', 'donate', 'N', 0, 'bird'),
	(816, 'https://j7d103.p.ssafy.io/image/downloadFile/bird%20(16).png', 'donate', 'N', 0, 'bird'),
	(817, 'https://j7d103.p.ssafy.io/image/downloadFile/bird%20(17).png', 'donate', 'N', 0, 'bird'),
	(818, 'https://j7d103.p.ssafy.io/image/downloadFile/bird%20(18).png', 'donate', 'N', 0, 'bird'),
	(819, 'https://j7d103.p.ssafy.io/image/downloadFile/bird%20(19).png', 'donate', 'N', 0, 'bird'),
	(820, 'https://j7d103.p.ssafy.io/image/downloadFile/bird%20(20).png', 'donate', 'N', 0, 'bird'),
	(821, 'https://j7d103.p.ssafy.io/image/downloadFile/bird%20(21).png', 'donate', 'Y', 82, 'bird'),
	(822, 'https://j7d103.p.ssafy.io/image/downloadFile/bird%20(22).png', 'donate', 'N', 0, 'bird'),
	(823, 'https://j7d103.p.ssafy.io/image/downloadFile/bird%20(23).png', 'donate', 'N', 0, 'bird'),
	(824, 'https://j7d103.p.ssafy.io/image/downloadFile/bird%20(24).png', 'donate', 'Y', 11, 'bird'),
	(825, 'https://j7d103.p.ssafy.io/image/downloadFile/bird%20(25).png', 'donate', 'N', 0, 'bird'),
	(826, 'https://j7d103.p.ssafy.io/image/downloadFile/bird%20(26).png', 'donate', 'N', 0, 'bird'),
	(827, 'https://j7d103.p.ssafy.io/image/downloadFile/bird%20(27).png', 'donate', 'N', 0, 'bird'),
	(828, 'https://j7d103.p.ssafy.io/image/downloadFile/bird%20(28).png', 'donate', 'N', 0, 'bird'),
	(829, 'https://j7d103.p.ssafy.io/image/downloadFile/bird%20(29).png', 'donate', 'N', 0, 'bird'),
	(830, 'https://j7d103.p.ssafy.io/image/downloadFile/bird%20(30).png', 'donate', 'N', 0, 'bird'),
	(831, 'https://j7d103.p.ssafy.io/image/downloadFile/bird%20(31).png', 'donate', 'N', 0, 'bird'),
	(832, 'https://j7d103.p.ssafy.io/image/downloadFile/bird%20(32).png', 'donate', 'N', 0, 'bird'),
	(833, 'https://j7d103.p.ssafy.io/image/downloadFile/bird%20(33).png', 'donate', 'N', 0, 'bird'),
	(834, 'https://j7d103.p.ssafy.io/image/downloadFile/bird%20(34).png', 'donate', 'N', 0, 'bird'),
	(835, 'https://j7d103.p.ssafy.io/image/downloadFile/bird%20(35).png', 'donate', 'N', 0, 'bird'),
	(836, 'https://j7d103.p.ssafy.io/image/downloadFile/bird%20(36).png', 'donate', 'N', 0, 'bird'),
	(837, 'https://j7d103.p.ssafy.io/image/downloadFile/bird%20(37).png', 'donate', 'N', 0, 'bird'),
	(838, 'https://j7d103.p.ssafy.io/image/downloadFile/bird%20(38).png', 'donate', 'N', 0, 'bird'),
	(839, 'https://j7d103.p.ssafy.io/image/downloadFile/bird%20(39).png', 'donate', 'N', 0, 'bird'),
	(840, 'https://j7d103.p.ssafy.io/image/downloadFile/bird%20(40).png', 'donate', 'N', 0, 'bird'),
	(841, 'https://j7d103.p.ssafy.io/image/downloadFile/bird%20(41).png', 'donate', 'Y', 14, 'bird'),
	(842, 'https://j7d103.p.ssafy.io/image/downloadFile/bird%20(42).png', 'donate', 'N', 0, 'bird'),
	(843, 'https://j7d103.p.ssafy.io/image/downloadFile/bird%20(43).png', 'donate', 'N', 0, 'bird'),
	(844, 'https://j7d103.p.ssafy.io/image/downloadFile/bird%20(44).png', 'donate', 'Y', 9, 'bird'),
	(845, 'https://j7d103.p.ssafy.io/image/downloadFile/bird%20(45).png', 'donate', 'N', 0, 'bird'),
	(846, 'https://j7d103.p.ssafy.io/image/downloadFile/bird%20(46).png', 'donate', 'N', 0, 'bird'),
	(847, 'https://j7d103.p.ssafy.io/image/downloadFile/bird%20(47).png', 'donate', 'N', 0, 'bird'),
	(848, 'https://j7d103.p.ssafy.io/image/downloadFile/bird%20(48).png', 'donate', 'N', 0, 'bird'),
	(849, 'https://j7d103.p.ssafy.io/image/downloadFile/bird%20(49).png', 'donate', 'N', 0, 'bird'),
	(850, 'https://j7d103.p.ssafy.io/image/downloadFile/bird%20(50).png', 'donate', 'N', 0, 'bird'),
	(851, 'https://j7d103.p.ssafy.io/image/downloadFile/bird%20(51).png', 'donate', 'N', 0, 'bird'),
	(852, 'https://j7d103.p.ssafy.io/image/downloadFile/bird%20(52).png', 'donate', 'N', 0, 'bird'),
	(853, 'https://j7d103.p.ssafy.io/image/downloadFile/bird%20(53).png', 'donate', 'N', 0, 'bird'),
	(854, 'https://j7d103.p.ssafy.io/image/downloadFile/bird%20(54).png', 'donate', 'Y', 10, 'bird'),
	(855, 'https://j7d103.p.ssafy.io/image/downloadFile/bird%20(55).png', 'donate', 'N', 0, 'bird'),
	(856, 'https://j7d103.p.ssafy.io/image/downloadFile/bird%20(56).png', 'donate', 'N', 0, 'bird'),
	(857, 'https://j7d103.p.ssafy.io/image/downloadFile/bird%20(57).png', 'donate', 'N', 0, 'bird'),
	(858, 'https://j7d103.p.ssafy.io/image/downloadFile/bird%20(58).png', 'donate', 'N', 0, 'bird'),
	(859, 'https://j7d103.p.ssafy.io/image/downloadFile/bird%20(59).png', 'donate', 'N', 0, 'bird'),
	(860, 'https://j7d103.p.ssafy.io/image/downloadFile/bird%20(60).png', 'donate', 'N', 0, 'bird'),
	(861, 'https://j7d103.p.ssafy.io/image/downloadFile/bird%20(61).png', 'donate', 'N', 0, 'bird'),
	(862, 'https://j7d103.p.ssafy.io/image/downloadFile/bird%20(62).png', 'donate', 'N', 0, 'bird'),
	(863, 'https://j7d103.p.ssafy.io/image/downloadFile/bird%20(63).png', 'donate', 'N', 0, 'bird'),
	(864, 'https://j7d103.p.ssafy.io/image/downloadFile/bird%20(64).png', 'donate', 'N', 0, 'bird'),
	(865, 'https://j7d103.p.ssafy.io/image/downloadFile/bird%20(65).png', 'donate', 'N', 0, 'bird'),
	(866, 'https://j7d103.p.ssafy.io/image/downloadFile/bird%20(66).png', 'donate', 'N', 0, 'bird'),
	(867, 'https://j7d103.p.ssafy.io/image/downloadFile/bird%20(67).png', 'donate', 'Y', 23, 'bird'),
	(868, 'https://j7d103.p.ssafy.io/image/downloadFile/bird%20(68).png', 'donate', 'N', 0, 'bird'),
	(869, 'https://j7d103.p.ssafy.io/image/downloadFile/bird%20(69).png', 'donate', 'N', 0, 'bird'),
	(870, 'https://j7d103.p.ssafy.io/image/downloadFile/bird%20(70).png', 'donate', 'N', 0, 'bird'),
	(871, 'https://j7d103.p.ssafy.io/image/downloadFile/bird%20(71).png', 'donate', 'N', 0, 'bird'),
	(872, 'https://j7d103.p.ssafy.io/image/downloadFile/bird%20(72).png', 'donate', 'N', 0, 'bird'),
	(873, 'https://j7d103.p.ssafy.io/image/downloadFile/bird%20(73).png', 'donate', 'N', 0, 'bird'),
	(874, 'https://j7d103.p.ssafy.io/image/downloadFile/bird%20(74).png', 'donate', 'N', 0, 'bird'),
	(875, 'https://j7d103.p.ssafy.io/image/downloadFile/bird%20(75).png', 'donate', 'N', 0, 'bird'),
	(876, 'https://j7d103.p.ssafy.io/image/downloadFile/bird%20(76).png', 'donate', 'N', 0, 'bird'),
	(877, 'https://j7d103.p.ssafy.io/image/downloadFile/bird%20(77).png', 'donate', 'N', 0, 'bird'),
	(878, 'https://j7d103.p.ssafy.io/image/downloadFile/bird%20(78).png', 'donate', 'N', 0, 'bird'),
	(879, 'https://j7d103.p.ssafy.io/image/downloadFile/bird%20(79).png', 'donate', 'N', 0, 'bird'),
	(880, 'https://j7d103.p.ssafy.io/image/downloadFile/bird%20(80).png', 'donate', 'N', 0, 'bird'),
	(881, 'https://j7d103.p.ssafy.io/image/downloadFile/bird%20(81).png', 'donate', 'Y', 60, 'bird'),
	(882, 'https://j7d103.p.ssafy.io/image/downloadFile/bird%20(82).png', 'donate', 'N', 0, 'bird'),
	(883, 'https://j7d103.p.ssafy.io/image/downloadFile/bird%20(83).png', 'donate', 'Y', 64, 'bird'),
	(884, 'https://j7d103.p.ssafy.io/image/downloadFile/bird%20(84).png', 'donate', 'N', 0, 'bird'),
	(885, 'https://j7d103.p.ssafy.io/image/downloadFile/bird%20(85).png', 'donate', 'Y', 38, 'bird'),
	(886, 'https://j7d103.p.ssafy.io/image/downloadFile/bird%20(86).png', 'donate', 'N', 0, 'bird'),
	(887, 'https://j7d103.p.ssafy.io/image/downloadFile/bird%20(87).png', 'donate', 'N', 0, 'bird'),
	(888, 'https://j7d103.p.ssafy.io/image/downloadFile/bird%20(88).png', 'donate', 'N', 0, 'bird'),
	(889, 'https://j7d103.p.ssafy.io/image/downloadFile/bird%20(89).png', 'donate', 'N', 0, 'bird'),
	(890, 'https://j7d103.p.ssafy.io/image/downloadFile/bird%20(90).png', 'donate', 'Y', 19, 'bird'),
	(891, 'https://j7d103.p.ssafy.io/image/downloadFile/bird%20(91).png', 'donate', 'N', 0, 'bird'),
	(892, 'https://j7d103.p.ssafy.io/image/downloadFile/bird%20(92).png', 'donate', 'N', 0, 'bird'),
	(893, 'https://j7d103.p.ssafy.io/image/downloadFile/bird%20(93).png', 'donate', 'N', 0, 'bird'),
	(894, 'https://j7d103.p.ssafy.io/image/downloadFile/bird%20(94).png', 'donate', 'N', 0, 'bird'),
	(895, 'https://j7d103.p.ssafy.io/image/downloadFile/bird%20(95).png', 'donate', 'N', 0, 'bird'),
	(896, 'https://j7d103.p.ssafy.io/image/downloadFile/bird%20(96).png', 'donate', 'Y', 74, 'bird'),
	(897, 'https://j7d103.p.ssafy.io/image/downloadFile/bird%20(97).png', 'donate', 'N', 0, 'bird'),
	(898, 'https://j7d103.p.ssafy.io/image/downloadFile/bird%20(98).png', 'donate', 'N', 0, 'bird'),
	(899, 'https://j7d103.p.ssafy.io/image/downloadFile/bird%20(99).png', 'donate', 'N', 0, 'bird'),
	(900, 'https://j7d103.p.ssafy.io/image/downloadFile/bird%20(100).png', 'donate', 'N', 0, 'bird');

-- 테이블 samals.tb_nft 구조 내보내기
CREATE TABLE IF NOT EXISTS `tb_nft` (
  `nft_seq` int NOT NULL AUTO_INCREMENT,
  `user_seq` int DEFAULT NULL,
  `ipfs_seq` int DEFAULT NULL,
  `nft_owner` varchar(255) CHARACTER SET utf8mb4 COLLATE utf8mb4_0900_ai_ci NOT NULL,
  `nft_type` varchar(50) NOT NULL DEFAULT '0',
  `nft_mint_no` int NOT NULL DEFAULT '0',
  `nft_price` int NOT NULL DEFAULT '0',
  `nft_token_id` int DEFAULT NULL,
  `nft_updated_at` datetime DEFAULT NULL,
  `nft_created_at` datetime NOT NULL,
  PRIMARY KEY (`nft_seq`),
  KEY `user_seq` (`user_seq`),
  KEY `ipfs_seq` (`ipfs_seq`),
  CONSTRAINT `FK_tb_nft_tb_ipfs` FOREIGN KEY (`ipfs_seq`) REFERENCES `tb_ipfs` (`ipfs_seq`),
  CONSTRAINT `user_seq` FOREIGN KEY (`user_seq`) REFERENCES `tb_user` (`user_seq`) ON DELETE CASCADE ON UPDATE CASCADE
) ENGINE=InnoDB AUTO_INCREMENT=144 DEFAULT CHARSET=utf8mb4 COLLATE=utf8mb4_0900_ai_ci;

-- 테이블 데이터 samals.tb_nft:~70 rows (대략적) 내보내기
REPLACE INTO `tb_nft` (`nft_seq`, `user_seq`, `ipfs_seq`, `nft_owner`, `nft_type`, `nft_mint_no`, `nft_price`, `nft_token_id`, `nft_updated_at`, `nft_created_at`) VALUES
	(73, 34, 527, '0xCee5c9115F38353421e63eCA7F1e1Cf6873226A6', 'donate', 1, 500, 1, '2022-10-04 00:47:48', '2022-10-04 00:01:12'),
	(74, 30, 841, '0x6699bb36ab90d6056a6760242de974919a4ae564', 'donate', 1, 500, 14, '2022-10-04 00:14:12', '2022-10-04 00:14:12'),
	(75, 34, 555, '0x85c991c497f62ECE1b577eFEB6D5E518C42683D4', 'donate', 2, 500, 2, '2022-10-04 00:53:59', '2022-10-04 00:53:59'),
	(76, 33, 522, '0x43f11c9559f116ae60ed23987ae5cc4b5caa5dbe', 'donate', 3, 500, 18, '2022-10-04 01:58:12', '2022-10-04 01:58:12'),
	(77, 31, 444, '0x172aB7431BdBdE9E485b477bF0f434Ab7B219Bb6', 'market', 1, 700, 3, '2022-10-04 02:05:30', '2022-10-04 02:05:30'),
	(78, 31, 777, '0x172aB7431BdBdE9E485b477bF0f434Ab7B219Bb6', 'donate', 1, 500, 4, '2022-10-04 02:05:45', '2022-10-04 02:05:45'),
	(79, 31, 657, '0x172aB7431BdBdE9E485b477bF0f434Ab7B219Bb6', 'donate', 1, 500, 5, '2022-10-04 02:06:12', '2022-10-04 02:06:12'),
	(80, 31, 234, '0x172aB7431BdBdE9E485b477bF0f434Ab7B219Bb6', 'market', 1, 440, 6, '2022-10-04 02:08:08', '2022-10-04 02:08:08'),
	(81, 28, 234, '0xFc0FEB036F6f313bFd486B43A882e560Af463a68', 'market', 2, 777, 7, '2022-10-04 02:08:42', '2022-10-04 02:08:42'),
	(82, 28, 244, '0xFc0FEB036F6f313bFd486B43A882e560Af463a68', 'market', 3, 330, 8, '2022-10-04 02:12:26', '2022-10-04 02:12:26'),
	(83, 28, 844, '0xFc0FEB036F6f313bFd486B43A882e560Af463a68', 'donate', 2, 500, 9, '2022-10-04 02:12:52', '2022-10-04 02:12:52'),
	(84, 30, 854, '0x6699bb36aB90d6056a6760242DE974919a4ae564', 'donate', 3, 500, 10, '2022-10-04 02:13:14', '2022-10-04 02:13:14'),
	(85, 30, 824, '0x6699bb36aB90d6056a6760242DE974919a4ae564', 'donate', 4, 500, 11, '2022-10-04 02:13:43', '2022-10-04 02:13:43'),
	(86, 30, 624, '0x6699bb36aB90d6056a6760242DE974919a4ae564', 'donate', 2, 500, 12, '2022-10-04 02:13:55', '2022-10-04 02:13:55'),
	(87, 30, 324, '0x6699bb36aB90d6056a6760242DE974919a4ae564', 'market', 1, 600, 13, '2022-10-04 02:14:11', '2022-10-04 02:14:11'),
	(88, 30, 114, '0x6699bb36aB90d6056a6760242DE974919a4ae564', 'market', 1, 200, 15, '2022-10-04 02:16:12', '2022-10-04 02:16:12'),
	(89, 33, 890, '0x43f11c9559f116ae60ed23987ae5cc4b5caa5dbe', 'donate', 5, 500, 19, '2022-10-04 03:34:30', '2022-10-04 03:34:30'),
	(91, 30, 408, '0x6699bb36aB90d6056a6760242DE974919a4ae564', 'market', 2, 500, 21, '2022-10-04 08:05:46', '2022-10-04 08:05:46'),
	(92, 30, 420, '0x6699bb36ab90d6056a6760242de974919a4ae564', 'market', 3, 500, 22, '2022-10-04 08:06:41', '2022-10-04 08:06:41'),
	(93, 30, 867, '0x6699bb36ab90d6056a6760242de974919a4ae564', 'donate', 6, 500, 23, '2022-10-04 10:12:51', '2022-10-04 10:12:51'),
	(94, 30, 498, '0x6699bb36ab90d6056a6760242de974919a4ae564', 'market', 4, 500, 24, '2022-10-04 10:20:35', '2022-10-04 10:20:35'),
	(95, 34, 131, '0x85c991c497f62ECE1b577eFEB6D5E518C42683D4', 'market', 2, 440, 27, '2022-10-04 15:40:37', '2022-10-04 15:40:37'),
	(96, 34, 121, '0x85c991c497f62ECE1b577eFEB6D5E518C42683D4', 'market', 3, 440, 26, '2022-10-04 15:41:13', '2022-10-04 15:41:13'),
	(97, 34, 181, '0x85c991c497f62ECE1b577eFEB6D5E518C42683D4', 'market', 4, 440, 25, '2022-10-04 15:47:58', '2022-10-04 15:47:58'),
	(98, 34, 182, '0x85c991c497f62ECE1b577eFEB6D5E518C42683D4', 'market', 5, 440, 28, '2022-10-04 15:48:13', '2022-10-04 15:48:13'),
	(99, 26, 885, '0xf79aa00832674f2a2337054dd54a98f45ddd74eb', 'donate', 7, 500, 38, '2022-10-04 15:49:58', '2022-10-04 15:49:58'),
	(100, 26, 788, '0xf79aa00832674f2a2337054dd54a98f45ddd74eb', 'donate', 2, 500, 39, '2022-10-04 15:51:38', '2022-10-04 15:51:38'),
	(101, 36, 696, '0xcee5c9115f38353421e63eca7f1e1cf6873226a6', 'donate', 3, 500, 40, '2022-10-04 17:10:04', '2022-10-04 17:10:04'),
	(102, 33, 718, '0x43f11c9559f116ae60ed23987ae5cc4b5caa5dbe', 'donate', 3, 500, 41, '2022-10-04 20:36:46', '2022-10-04 20:36:46'),
	(103, 26, 783, '0xf79aa00832674f2a2337054dd54a98f45ddd74eb', 'donate', 4, 500, 42, '2022-10-04 23:18:58', '2022-10-04 23:18:58'),
	(104, 36, 570, '0xcee5c9115f38353421e63eca7f1e1cf6873226a6', 'donate', 4, 500, 43, '2022-10-04 23:55:31', '2022-10-04 23:55:31'),
	(105, 33, 686, '0x43f11c9559f116ae60ed23987ae5cc4b5caa5dbe', 'donate', 4, 500, 44, '2022-10-05 04:08:08', '2022-10-05 04:08:08'),
	(106, 33, 577, '0x43f11c9559f116ae60ed23987ae5cc4b5caa5dbe', 'donate', 5, 500, 45, '2022-10-05 04:13:22', '2022-10-05 04:13:22'),
	(107, 26, 800, '0xf79aa00832674f2a2337054dd54a98f45ddd74eb', 'donate', 5, 500, 46, '2022-10-05 10:08:08', '2022-10-05 10:08:08'),
	(108, 32, 533, '0x7b271f95a282a83f196815a4e89924880c862b49', 'donate', 6, 500, 47, '2022-10-05 10:46:27', '2022-10-05 10:46:27'),
	(109, 26, 689, '0xf79aa00832674f2a2337054dd54a98f45ddd74eb', 'donate', 5, 500, 48, '2022-10-05 12:10:33', '2022-10-05 12:10:33'),
	(110, 26, 588, '0xf79aa00832674f2a2337054dd54a98f45ddd74eb', 'donate', 7, 500, 50, '2022-10-05 12:10:57', '2022-10-05 12:10:57'),
	(111, 26, 434, '0xf79aa00832674f2a2337054dd54a98f45ddd74eb', 'market', 5, 500, 51, '2022-10-05 12:18:32', '2022-10-05 12:18:32'),
	(112, 26, 264, '0xf79aa00832674f2a2337054dd54a98f45ddd74eb', 'market', 4, 500, 52, '2022-10-05 12:21:17', '2022-10-05 12:21:17'),
	(113, 30, 152, '0x6699bb36ab90d6056a6760242de974919a4ae564', 'market', 6, 500, 53, '2022-10-05 12:35:23', '2022-10-05 12:35:23'),
	(114, 30, 145, '0x6699bb36ab90d6056a6760242de974919a4ae564', 'market', 7, 500, 54, '2022-10-05 12:36:06', '2022-10-05 12:36:06'),
	(115, 31, 407, '0x172ab7431bdbde9e485b477bf0f434ab7b219bb6', 'market', 6, 500, 55, '2022-10-05 12:36:52', '2022-10-05 12:36:52'),
	(116, 31, 236, '0x172ab7431bdbde9e485b477bf0f434ab7b219bb6', 'market', 5, 500, 56, '2022-10-05 12:37:14', '2022-10-05 12:37:14'),
	(117, 26, 451, '0xf79aa00832674f2a2337054dd54a98f45ddd74eb', 'market', 7, 500, 57, '2022-10-05 12:38:19', '2022-10-05 12:38:19'),
	(118, 26, 295, '0xf79aa00832674f2a2337054dd54a98f45ddd74eb', 'market', 6, 500, 58, '2022-10-05 12:38:57', '2022-10-05 12:38:57'),
	(119, 26, 627, '0xf79aa00832674f2a2337054dd54a98f45ddd74eb', 'donate', 6, 500, 59, '2022-10-05 12:40:19', '2022-10-05 12:40:19'),
	(120, 26, 881, '0xf79aa00832674f2a2337054dd54a98f45ddd74eb', 'donate', 8, 500, 60, '2022-10-05 12:40:59', '2022-10-05 12:40:59'),
	(121, 26, 704, '0xf79aa00832674f2a2337054dd54a98f45ddd74eb', 'donate', 6, 500, 62, '2022-10-05 12:43:59', '2022-10-05 12:43:59'),
	(122, 26, 531, '0xf79aa00832674f2a2337054dd54a98f45ddd74eb', 'donate', 8, 500, 63, '2022-10-05 12:46:19', '2022-10-05 12:46:19'),
	(123, 26, 883, '0xf79aa00832674f2a2337054dd54a98f45ddd74eb', 'donate', 9, 500, 64, '2022-10-05 12:49:20', '2022-10-05 12:49:20'),
	(124, 26, 675, '0xf79aa00832674f2a2337054dd54a98f45ddd74eb', 'donate', 7, 500, 65, '2022-10-05 12:52:20', '2022-10-05 12:52:20'),
	(125, 31, 688, '0x172ab7431bdbde9e485b477bf0f434ab7b219bb6', 'donate', 8, 500, 66, '2022-10-05 12:57:53', '2022-10-05 12:57:53'),
	(126, 26, 508, '0xf79aa00832674f2a2337054dd54a98f45ddd74eb', 'donate', 9, 500, 67, '2022-10-05 12:59:40', '2022-10-05 12:59:40'),
	(127, 26, 581, '0xf79aa00832674f2a2337054dd54a98f45ddd74eb', 'donate', 10, 500, 68, '2022-10-05 13:00:20', '2022-10-05 13:00:20'),
	(128, 26, 809, '0xf79aa00832674f2a2337054dd54a98f45ddd74eb', 'donate', 10, 500, 69, '2022-10-05 13:01:17', '2022-10-05 13:01:17'),
	(129, 26, 669, '0xf79aa00832674f2a2337054dd54a98f45ddd74eb', 'donate', 9, 500, 70, '2022-10-05 13:02:43', '2022-10-05 13:02:43'),
	(130, 26, 501, '0xf79aa00832674f2a2337054dd54a98f45ddd74eb', 'donate', 11, 500, 71, '2022-10-05 13:04:21', '2022-10-05 13:04:21'),
	(131, 26, 578, '0xf79aa00832674f2a2337054dd54a98f45ddd74eb', 'donate', 12, 500, 72, '2022-10-05 13:06:01', '2022-10-05 13:06:01'),
	(132, 26, 586, '0xf79aa00832674f2a2337054dd54a98f45ddd74eb', 'donate', 13, 500, 73, '2022-10-05 13:06:19', '2022-10-05 13:06:19'),
	(133, 26, 896, '0xf79aa00832674f2a2337054dd54a98f45ddd74eb', 'donate', 11, 500, 74, '2022-10-05 13:07:40', '2022-10-05 13:07:40'),
	(134, 31, 427, '0x172ab7431bdbde9e485b477bf0f434ab7b219bb6', 'market', 8, 500, 75, '2022-10-05 13:07:43', '2022-10-05 13:07:43'),
	(135, 26, 565, '0xf79aa00832674f2a2337054dd54a98f45ddd74eb', 'donate', 14, 500, 76, '2022-10-05 13:09:27', '2022-10-05 13:09:27'),
	(136, 31, 584, '0x172ab7431bdbde9e485b477bf0f434ab7b219bb6', 'donate', 15, 500, 77, '2022-10-05 13:10:41', '2022-10-05 13:10:41'),
	(137, 26, 773, '0xf79aa00832674f2a2337054dd54a98f45ddd74eb', 'donate', 7, 500, 78, '2022-10-05 13:12:07', '2022-10-05 13:12:07'),
	(138, 26, 524, '0xf79aa00832674f2a2337054dd54a98f45ddd74eb', 'donate', 16, 500, 79, '2022-10-05 13:16:12', '2022-10-05 13:16:12'),
	(139, 26, 583, '0xf79aa00832674f2a2337054dd54a98f45ddd74eb', 'donate', 17, 500, 80, '2022-10-05 13:17:30', '2022-10-05 13:17:30'),
	(140, 26, 604, '0xf79aa00832674f2a2337054dd54a98f45ddd74eb', 'donate', 10, 500, 81, '2022-10-05 13:18:29', '2022-10-05 13:18:29'),
	(141, 26, 821, '0xf79aa00832674f2a2337054dd54a98f45ddd74eb', 'donate', 12, 500, 82, '2022-10-05 13:19:33', '2022-10-05 13:19:33'),
	(142, 26, 781, '0xf79aa00832674f2a2337054dd54a98f45ddd74eb', 'donate', 8, 500, 83, '2022-10-05 13:31:38', '2022-10-05 13:31:38'),
	(143, 26, 648, '0xf79aa00832674f2a2337054dd54a98f45ddd74eb', 'donate', 11, 500, 84, '2022-10-05 13:36:39', '2022-10-05 13:36:39');

-- 테이블 samals.tb_profile_img 구조 내보내기
CREATE TABLE IF NOT EXISTS `tb_profile_img` (
  `profile_img_seq` int NOT NULL AUTO_INCREMENT,
  `user_seq` int DEFAULT NULL,
  `ipfs_seq` int DEFAULT NULL,
  `animal_species` varchar(50) DEFAULT NULL,
  PRIMARY KEY (`profile_img_seq`),
  KEY `FK_tb_profile_img_tb_ipfs` (`ipfs_seq`),
  KEY `FK_tb_profile_img_tb_user` (`user_seq`),
  CONSTRAINT `FK_tb_profile_img_tb_ipfs` FOREIGN KEY (`ipfs_seq`) REFERENCES `tb_ipfs` (`ipfs_seq`),
  CONSTRAINT `FK_tb_profile_img_tb_user` FOREIGN KEY (`user_seq`) REFERENCES `tb_user` (`user_seq`) ON DELETE CASCADE ON UPDATE CASCADE
) ENGINE=InnoDB AUTO_INCREMENT=9 DEFAULT CHARSET=utf8mb4 COLLATE=utf8mb4_0900_ai_ci;

-- 테이블 데이터 samals.tb_profile_img:~1 rows (대략적) 내보내기
REPLACE INTO `tb_profile_img` (`profile_img_seq`, `user_seq`, `ipfs_seq`, `animal_species`) VALUES
	(8, 31, 777, 'tiger');

-- 테이블 samals.tb_sale 구조 내보내기
CREATE TABLE IF NOT EXISTS `tb_sale` (
  `sale_seq` int NOT NULL AUTO_INCREMENT,
  `nft_seq` int DEFAULT NULL,
  `sale_contract_address` varchar(255) CHARACTER SET utf8mb4 COLLATE utf8mb4_0900_ai_ci DEFAULT NULL,
  `seller_address` varchar(255) NOT NULL,
  `buyer_address` varchar(255) CHARACTER SET utf8mb4 COLLATE utf8mb4_0900_ai_ci DEFAULT NULL,
  `sale_price` int NOT NULL,
  `sale_title` text CHARACTER SET utf8mb4 COLLATE utf8mb4_0900_ai_ci,
  `sale_description` text,
  `is_sold` char(50) CHARACTER SET utf8mb4 COLLATE utf8mb4_0900_ai_ci NOT NULL DEFAULT 'N',
  `sale_completed_at` datetime DEFAULT NULL,
  `sale_created_at` datetime NOT NULL,
  PRIMARY KEY (`sale_seq`),
  KEY `FK_tb_sale_tb_nft` (`nft_seq`),
  CONSTRAINT `FK_tb_sale_tb_nft` FOREIGN KEY (`nft_seq`) REFERENCES `tb_nft` (`nft_seq`) ON DELETE CASCADE ON UPDATE CASCADE
) ENGINE=InnoDB AUTO_INCREMENT=48 DEFAULT CHARSET=utf8mb4 COLLATE=utf8mb4_0900_ai_ci;

-- 테이블 데이터 samals.tb_sale:~10 rows (대략적) 내보내기
REPLACE INTO `tb_sale` (`sale_seq`, `nft_seq`, `sale_contract_address`, `seller_address`, `buyer_address`, `sale_price`, `sale_title`, `sale_description`, `is_sold`, `sale_completed_at`, `sale_created_at`) VALUES
	(38, 73, '주소 받아서 넣기', '0x85c991c497f62ECE1b577eFEB6D5E518C42683D4', '0xCee5c9115F38353421e63eCA7F1e1Cf6873226A6', 3999, 'elephant#1', '흐으음 첫번재 테스트 비싸게 팝니다', 'Y', '2022-10-04 00:47:48', '2022-10-04 00:10:22'),
	(39, 75, '주소 넣어주세요', '0x85c991c497f62ECE1b577eFEB6D5E518C42683D4', NULL, 6000, 'elephant#2', '테스트 두번쨰꺼', 'N', NULL, '2022-10-04 00:56:21'),
	(40, 81, '주소', '0xFc0FEB036F6f313bFd486B43A882e560Af463a68', NULL, 2330, 'penguin#2', 's히히히히히', 'N', NULL, '2022-10-04 02:18:26'),
	(41, 82, '주소', '0xFc0FEB036F6f313bFd486B43A882e560Af463a68', NULL, 780, 'penguin#3', 's히히히ㄴㅁㅇㄻㄴㅇㄻ히히', 'N', NULL, '2022-10-04 02:18:42'),
	(42, 83, '주소', '0xFc0FEB036F6f313bFd486B43A882e560Af463a68', NULL, 1200, 'bird#2', 's히히히ㄴㅁㅇㄻㄴㅇㄻ히히', 'N', NULL, '2022-10-04 02:19:00'),
	(43, 74, '주소', '0x6699bb36ab90d6056a6760242de974919a4ae564', NULL, 1400, 'bird#1', 's히히히ㄴㅁㅇㄻㄴㅇㄻ히히', 'N', NULL, '2022-10-04 02:19:55'),
	(44, 85, '주소ㄴㅇㄹ', '0x6699bb36aB90d6056a6760242DE974919a4ae564', NULL, 1100, 'bird#4', 's히히히ㄴㅁㅇㄻㄴㅇㄻ히히', 'N', NULL, '2022-10-04 02:24:19'),
	(45, 84, '주소ㄴㅇㄹ', '0x6699bb36aB90d6056a6760242DE974919a4ae564', NULL, 1000, 'bird#3', 's히히히ㄴㅁㅇㄻㄴㅇㄻ히히', 'N', NULL, '2022-10-04 02:24:42'),
	(46, 87, '주소ㄴㅇㄹ', '0x6699bb36aB90d6056a6760242DE974919a4ae564', NULL, 1300, 'rhino#1', 's히히히ㄴㅁㅇㄻㄴㅇㄻ히히', 'N', NULL, '2022-10-04 02:24:55'),
	(47, 88, '주소ㄴㅇㄹ', '0x6699bb36aB90d6056a6760242DE974919a4ae564', NULL, 1500, 'iguana#1', 's히히히ㄴㅁㅇㄻㄴㅇㄻ히히', 'N', NULL, '2022-10-04 02:25:01');

-- 테이블 samals.tb_sale_like 구조 내보내기
CREATE TABLE IF NOT EXISTS `tb_sale_like` (
  `sale_like_seq` int NOT NULL AUTO_INCREMENT,
  `user_seq` int DEFAULT NULL,
  `sale_seq` int DEFAULT NULL,
  PRIMARY KEY (`sale_like_seq`),
  KEY `FK_tb_sale_like_tb_user` (`user_seq`),
  KEY `FK_tb_sale_like_tb_sale` (`sale_seq`),
  CONSTRAINT `FK_tb_sale_like_tb_sale` FOREIGN KEY (`sale_seq`) REFERENCES `tb_sale` (`sale_seq`) ON DELETE CASCADE ON UPDATE CASCADE,
  CONSTRAINT `FK_tb_sale_like_tb_user` FOREIGN KEY (`user_seq`) REFERENCES `tb_user` (`user_seq`) ON DELETE CASCADE ON UPDATE CASCADE
) ENGINE=InnoDB AUTO_INCREMENT=70 DEFAULT CHARSET=utf8mb4 COLLATE=utf8mb4_0900_ai_ci;

-- 테이블 데이터 samals.tb_sale_like:~22 rows (대략적) 내보내기
REPLACE INTO `tb_sale_like` (`sale_like_seq`, `user_seq`, `sale_seq`) VALUES
	(33, 28, 38),
	(40, 30, 38),
	(41, 30, 39),
	(42, 30, 40),
	(43, 30, 41),
	(45, 25, 46),
	(46, 25, 47),
	(48, 25, 42),
	(50, 25, 44),
	(51, 25, 45),
	(52, 25, 41),
	(53, 25, 40),
	(57, 33, 41),
	(58, 33, 40),
	(59, 33, 43),
	(60, 33, 44),
	(61, 33, 45),
	(62, 33, 47),
	(65, 32, 40),
	(67, 37, 45),
	(68, 37, 41),
	(69, 37, 42);

-- 테이블 samals.tb_user 구조 내보내기
CREATE TABLE IF NOT EXISTS `tb_user` (
  `user_seq` int NOT NULL AUTO_INCREMENT,
  `wallet_address` varchar(255) NOT NULL,
  `user_nickname` varchar(255) DEFAULT NULL,
  `user_bio` text,
  `user_updated_at` datetime DEFAULT NULL,
  `user_created_at` datetime NOT NULL,
  PRIMARY KEY (`user_seq`)
) ENGINE=InnoDB AUTO_INCREMENT=39 DEFAULT CHARSET=utf8mb4 COLLATE=utf8mb4_0900_ai_ci;

-- 테이블 데이터 samals.tb_user:~14 rows (대략적) 내보내기
REPLACE INTO `tb_user` (`user_seq`, `wallet_address`, `user_nickname`, `user_bio`, `user_updated_at`, `user_created_at`) VALUES
	(24, '0x09f17399f48ef02c4719F11FfcE2573A009c0402', 'random@24', NULL, '2022-10-02 16:37:50', '2022-10-02 16:37:50'),
	(25, '0x8181e45Fd3cEAA2E4FF7F3C4F7059Dc281d185C9', 'random@25', NULL, '2022-10-02 17:53:25', '2022-10-02 17:53:25'),
	(26, '0xf79Aa00832674f2A2337054DD54A98f45ddd74eB', 'random@26', NULL, '2022-10-02 18:32:18', '2022-10-02 18:32:18'),
	(27, '0xB724a8398F898fb8ece1732e965657B6B9C556b4', 'random@27', NULL, '2022-10-02 18:46:42', '2022-10-02 18:46:42'),
	(28, '0xFc0FEB036F6f313bFd486B43A882e560Af463a68', 'random@28', NULL, '2022-10-02 23:08:31', '2022-10-02 23:08:31'),
	(29, '0xEe4B8EfA51ffd40e0F06Fecb91bdC9bD40Eb0699', 'random@29', NULL, '2022-10-03 00:59:08', '2022-10-03 00:59:08'),
	(30, '0x6699bb36aB90d6056a6760242DE974919a4ae564', 'random@30', NULL, '2022-10-03 01:14:43', '2022-10-03 01:14:43'),
	(31, '0x172aB7431BdBdE9E485b477bF0f434Ab7B219Bb6', 'random@31', NULL, '2022-10-03 10:45:28', '2022-10-03 10:45:28'),
	(32, '0x7b271f95a282A83f196815A4e89924880c862B49', 'random@32', NULL, '2022-10-03 12:12:30', '2022-10-03 12:12:30'),
	(33, '0x43f11C9559F116ae60ed23987aE5CC4B5Caa5DbE', 'random@33', NULL, '2022-10-03 23:42:30', '2022-10-03 23:42:30'),
	(34, '0x85c991c497f62ECE1b577eFEB6D5E518C42683D4', 'random@34', NULL, '2022-10-03 23:57:43', '2022-10-03 23:57:43'),
	(36, '0xCee5c9115F38353421e63eCA7F1e1Cf6873226A6', 'random@36', NULL, '2022-10-04 00:11:32', '2022-10-04 00:11:32'),
	(37, '0xCb44ba6e90A8F57ee9442f24245874bBbd2C57f7', 'random@37', NULL, '2022-10-04 09:07:14', '2022-10-04 09:07:14'),
	(38, '0x391756d09aF7801843344F1cD5423eCd6a0a2482', 'random@38', NULL, '2022-10-04 13:53:51', '2022-10-04 13:53:51');

/*!40103 SET TIME_ZONE=IFNULL(@OLD_TIME_ZONE, 'system') */;
/*!40101 SET SQL_MODE=IFNULL(@OLD_SQL_MODE, '') */;
/*!40014 SET FOREIGN_KEY_CHECKS=IFNULL(@OLD_FOREIGN_KEY_CHECKS, 1) */;
/*!40101 SET CHARACTER_SET_CLIENT=@OLD_CHARACTER_SET_CLIENT */;
/*!40111 SET SQL_NOTES=IFNULL(@OLD_SQL_NOTES, 1) */;
